apps,interface,bytes,time,mbytes-sec
exec_intel,ib,0,1.10,0.00
exec_intel,ib,1,1.20,0.83
exec_intel,ib,2,1.14,1.76
exec_intel,ib,4,1.15,3.47
exec_intel,ib,8,1.21,6.59
exec_intel,ib,16,1.20,13.35
exec_intel,ib,32,1.21,26.50
exec_intel,ib,64,1.28,50.17
exec_intel,ib,128,1.85,69.08
exec_intel,ib,256,1.99,128.47
exec_intel,ib,512,2.12,241.54
exec_intel,ib,1024,2.40,426.91
exec_intel,ib,2048,2.93,698.71
exec_intel,ib,4096,4.05,1010.74
exec_intel,ib,8192,5.84,1403.03
exec_intel,ib,16384,6.40,2558.34
exec_intel,ib,32768,8.40,3900.54
exec_intel,ib,65536,12.50,5241.01
exec_intel,ib,131072,20.83,6291.86
exec_intel,ib,262144,37.59,6974.33
exec_intel,ib,524288,71.22,7361.29
exec_intel,ib,1048576,137.45,7628.59
exec_intel,ib,2097152,270.36,7756.81
exec_intel,ib,4194304,537.03,7810.13
exec_intel,eth,0,6.45,0.00
exec_intel,eth,1,6.06,0.16
exec_intel,eth,2,6.01,0.33
exec_intel,eth,4,5.90,0.68
exec_intel,eth,8,5.89,1.36
exec_intel,eth,16,5.80,2.76
exec_intel,eth,32,5.83,5.49
exec_intel,eth,64,5.85,10.94
exec_intel,eth,128,5.88,21.78
exec_intel,eth,256,5.94,43.07
exec_intel,eth,512,6.03,84.92
exec_intel,eth,1024,6.20,165.16
exec_intel,eth,2048,6.54,313.21
exec_intel,eth,4096,7.68,533.11
exec_intel,eth,8192,8.24,993.69
exec_intel,eth,16384,11.07,1479.79
exec_intel,eth,32768,18.32,1788.80
exec_intel,eth,65536,37.40,1752.13
exec_intel,eth,131072,51.43,2548.63
exec_intel,eth,262144,74.18,3534.10
exec_intel,eth,524288,118.12,4438.46
exec_intel,eth,1048576,208.32,5033.54
exec_intel,eth,2097152,392.90,5337.63
exec_intel,eth,4194304,785.44,5340.04
exec_intel,ipoib,0,6.79,0.00
exec_intel,ipoib,1,5.82,0.17
exec_intel,ipoib,2,5.83,0.34
exec_intel,ipoib,4,5.84,0.68
exec_intel,ipoib,8,5.79,1.38
exec_intel,ipoib,16,5.83,2.75
exec_intel,ipoib,32,5.83,5.49
exec_intel,ipoib,64,5.86,10.92
exec_intel,ipoib,128,5.87,21.80
exec_intel,ipoib,256,5.92,43.25
exec_intel,ipoib,512,6.00,85.35
exec_intel,ipoib,1024,6.48,158.09
exec_intel,ipoib,2048,6.81,300.94
exec_intel,ipoib,4096,7.69,532.31
exec_intel,ipoib,8192,8.29,988.07
exec_intel,ipoib,16384,11.18,1465.93
exec_intel,ipoib,32768,18.42,1778.68
exec_intel,ipoib,65536,37.42,1751.54
exec_intel,ipoib,131072,51.02,2569.25
exec_intel,ipoib,262144,73.92,3546.47
exec_intel,ipoib,524288,118.16,4437.15
exec_intel,ipoib,1048576,207.72,5047.98
exec_intel,ipoib,2097152,387.95,5405.78
exec_intel,ipoib,4194304,770.31,5444.93
exec_intel,ib,0,1.16,0.00
exec_intel,ib,1,1.20,0.83
exec_intel,ib,2,1.17,1.71
exec_intel,ib,4,1.19,3.37
exec_intel,ib,8,1.25,6.39
exec_intel,ib,16,1.22,13.14
exec_intel,ib,32,1.23,25.97
exec_intel,ib,64,1.29,49.50
exec_intel,ib,128,1.95,65.80
exec_intel,ib,256,2.10,121.89
exec_intel,ib,512,2.27,225.80
exec_intel,ib,1024,2.55,400.97
exec_intel,ib,2048,3.11,657.85
exec_intel,ib,4096,4.43,924.87
exec_intel,ib,8192,6.12,1338.25
exec_intel,ib,16384,6.76,2424.26
exec_intel,ib,32768,8.69,3769.41
exec_intel,ib,65536,12.56,5216.66
exec_intel,ib,131072,20.83,6291.76
exec_intel,ib,262144,37.67,6959.81
exec_intel,ib,524288,71.21,7362.74
exec_intel,ib,1048576,137.96,7600.64
exec_intel,ib,2097152,270.07,7765.23
exec_intel,ib,4194304,537.37,7805.32
exec_intel,ipoib,0,6.31,0.00
exec_intel,ipoib,1,6.58,0.15
exec_intel,ipoib,2,6.85,0.29
exec_intel,ipoib,4,6.50,0.61
exec_intel,ipoib,8,6.29,1.27
exec_intel,ipoib,16,6.19,2.59
exec_intel,ipoib,32,6.14,5.21
exec_intel,ipoib,64,6.08,10.53
exec_intel,ipoib,128,6.03,21.21
exec_intel,ipoib,256,6.03,42.45
exec_intel,ipoib,512,6.04,84.76
exec_intel,ipoib,1024,6.17,166.08
exec_intel,ipoib,2048,6.73,304.37
exec_intel,ipoib,4096,7.81,524.45
exec_intel,ipoib,8192,8.54,958.78
exec_intel,ipoib,16384,11.36,1442.49
exec_intel,ipoib,32768,18.28,1792.27
exec_intel,ipoib,65536,37.85,1731.31
exec_intel,ipoib,131072,51.06,2566.81
exec_intel,ipoib,262144,72.63,3609.38
exec_intel,ipoib,524288,116.84,4487.12
exec_intel,ipoib,1048576,209.56,5003.66
exec_intel,ipoib,2097152,382.01,5489.85
exec_intel,ipoib,4194304,756.48,5544.52
exec_intel,eth,0,6.56,0.00
exec_intel,eth,1,6.45,0.16
exec_intel,eth,2,6.23,0.32
exec_intel,eth,4,6.10,0.66
exec_intel,eth,8,6.00,1.33
exec_intel,eth,16,5.92,2.70
exec_intel,eth,32,5.84,5.48
exec_intel,eth,64,5.82,11.00
exec_intel,eth,128,5.78,22.16
exec_intel,eth,256,5.84,43.86
exec_intel,eth,512,6.00,85.38
exec_intel,eth,1024,6.09,168.18
exec_intel,eth,2048,6.57,311.51
exec_intel,eth,4096,7.92,517.48
exec_intel,eth,8192,8.39,976.71
exec_intel,eth,16384,11.09,1477.61
exec_intel,eth,32768,18.40,1780.74
exec_intel,eth,65536,38.13,1718.96
exec_intel,eth,131072,51.88,2526.22
exec_intel,eth,262144,72.96,3593.19
exec_intel,eth,524288,120.45,4352.74
exec_intel,eth,1048576,208.12,5038.42
exec_intel,eth,2097152,386.86,5420.90
exec_intel,eth,4194304,788.71,5317.94
exec_intel,ib,0,1.14,0.00
exec_intel,ib,1,1.21,0.83
exec_intel,ib,2,1.15,1.74
exec_intel,ib,4,1.17,3.43
exec_intel,ib,8,1.21,6.61
exec_intel,ib,16,1.18,13.50
exec_intel,ib,32,1.20,26.59
exec_intel,ib,64,1.30,49.41
exec_intel,ib,128,1.86,68.93
exec_intel,ib,256,2.01,127.39
exec_intel,ib,512,2.13,240.48
exec_intel,ib,1024,2.42,422.54
exec_intel,ib,2048,2.92,700.61
exec_intel,ib,4096,4.05,1012.45
exec_intel,ib,8192,5.87,1395.74
exec_intel,ib,16384,6.43,2549.60
exec_intel,ib,32768,8.62,3802.77
exec_intel,ib,65536,12.76,5137.65
exec_intel,ib,131072,21.05,6227.85
exec_intel,ib,262144,37.73,6948.78
exec_intel,ib,524288,71.25,7358.06
exec_intel,ib,1048576,137.92,7602.93
exec_intel,ib,2097152,270.52,7752.25
exec_intel,ib,4194304,537.22,7807.48
exec_intel,eth,0,6.76,0.00
exec_intel,eth,1,6.15,0.16
exec_intel,eth,2,5.96,0.34
exec_intel,eth,4,6.00,0.67
exec_intel,eth,8,5.96,1.34
exec_intel,eth,16,5.96,2.68
exec_intel,eth,32,5.98,5.35
exec_intel,eth,64,5.97,10.73
exec_intel,eth,128,5.97,21.44
exec_intel,eth,256,6.00,42.68
exec_intel,eth,512,6.00,85.26
exec_intel,eth,1024,6.08,168.39
exec_intel,eth,2048,6.87,297.98
exec_intel,eth,4096,8.03,510.02
exec_intel,eth,8192,8.38,977.67
exec_intel,eth,16384,11.41,1436.40
exec_intel,eth,32768,18.69,1753.48
exec_intel,eth,65536,38.31,1710.66
exec_intel,eth,131072,51.63,2538.76
exec_intel,eth,262144,73.96,3544.53
exec_intel,eth,524288,119.69,4380.26
exec_intel,eth,1048576,210.20,4988.50
exec_intel,eth,2097152,391.81,5352.51
exec_intel,eth,4194304,793.09,5288.58
exec_intel,ipoib,0,6.22,0.00
exec_intel,ipoib,1,5.69,0.18
exec_intel,ipoib,2,5.72,0.35
exec_intel,ipoib,4,5.72,0.70
exec_intel,ipoib,8,5.68,1.41
exec_intel,ipoib,16,5.73,2.79
exec_intel,ipoib,32,5.70,5.61
exec_intel,ipoib,64,5.78,11.07
exec_intel,ipoib,128,5.78,22.14
exec_intel,ipoib,256,5.85,43.75
exec_intel,ipoib,512,5.89,86.96
exec_intel,ipoib,1024,6.03,169.90
exec_intel,ipoib,2048,6.62,309.60
exec_intel,ipoib,4096,7.65,535.26
exec_intel,ipoib,8192,8.19,1000.66
exec_intel,ipoib,16384,11.21,1461.51
exec_intel,ipoib,32768,17.94,1826.75
exec_intel,ipoib,65536,37.70,1738.43
exec_intel,ipoib,131072,50.76,2582.00
exec_intel,ipoib,262144,73.02,3589.86
exec_intel,ipoib,524288,118.43,4427.11
exec_intel,ipoib,1048576,208.00,5041.26
exec_intel,ipoib,2097152,388.16,5402.76
exec_intel,ipoib,4194304,765.90,5476.27
exec_intel,eth,0,6.56,0.00
exec_intel,eth,1,5.98,0.17
exec_intel,eth,2,5.89,0.34
exec_intel,eth,4,5.89,0.68
exec_intel,eth,8,5.89,1.36
exec_intel,eth,16,5.89,2.72
exec_intel,eth,32,5.91,5.42
exec_intel,eth,64,5.89,10.87
exec_intel,eth,128,5.90,21.69
exec_intel,eth,256,5.91,43.33
exec_intel,eth,512,5.90,86.74
exec_intel,eth,1024,5.93,172.64
exec_intel,eth,2048,6.74,303.97
exec_intel,eth,4096,7.78,526.20
exec_intel,eth,8192,8.30,986.62
exec_intel,eth,16384,10.75,1523.80
exec_intel,eth,32768,18.14,1806.10
exec_intel,eth,65536,37.35,1754.48
exec_intel,eth,131072,50.37,2602.44
exec_intel,eth,262144,71.79,3651.75
exec_intel,eth,524288,117.39,4466.26
exec_intel,eth,1048576,205.23,5109.24
exec_intel,eth,2097152,378.90,5534.92
exec_intel,eth,4194304,755.66,5550.51
exec_intel,ib,0,1.15,0.00
exec_intel,ib,1,1.17,0.86
exec_intel,ib,2,1.19,1.69
exec_intel,ib,4,1.16,3.44
exec_intel,ib,8,1.19,6.74
exec_intel,ib,16,1.21,13.27
exec_intel,ib,32,1.19,26.81
exec_intel,ib,64,1.25,51.13
exec_intel,ib,128,1.81,70.64
exec_intel,ib,256,1.95,130.98
exec_intel,ib,512,2.11,242.21
exec_intel,ib,1024,2.39,428.59
exec_intel,ib,2048,2.89,707.99
exec_intel,ib,4096,4.01,1021.14
exec_intel,ib,8192,5.78,1417.89
exec_intel,ib,16384,6.20,2643.19
exec_intel,ib,32768,8.20,3995.77
exec_intel,ib,65536,12.45,5262.52
exec_intel,ib,131072,20.80,6301.43
exec_intel,ib,262144,37.66,6960.71
exec_intel,ib,524288,71.37,7346.48
exec_intel,ib,1048576,137.47,7627.72
exec_intel,ib,2097152,269.97,7768.10
exec_intel,ib,4194304,536.49,7818.06
exec_intel,ipoib,0,6.82,0.00
exec_intel,ipoib,1,6.22,0.16
exec_intel,ipoib,2,6.07,0.33
exec_intel,ipoib,4,6.07,0.66
exec_intel,ipoib,8,6.05,1.32
exec_intel,ipoib,16,5.99,2.67
exec_intel,ipoib,32,5.96,5.37
exec_intel,ipoib,64,5.96,10.75
exec_intel,ipoib,128,5.98,21.42
exec_intel,ipoib,256,6.04,42.39
exec_intel,ipoib,512,6.06,84.48
exec_intel,ipoib,1024,6.07,168.72
exec_intel,ipoib,2048,6.45,317.65
exec_intel,ipoib,4096,7.42,551.91
exec_intel,ipoib,8192,8.48,965.92
exec_intel,ipoib,16384,11.13,1472.21
exec_intel,ipoib,32768,18.23,1797.97
exec_intel,ipoib,65536,37.79,1734.35
exec_intel,ipoib,131072,50.71,2584.91
exec_intel,ipoib,262144,73.26,3578.21
exec_intel,ipoib,524288,118.89,4409.88
exec_intel,ipoib,1048576,209.63,5002.02
exec_intel,ipoib,2097152,395.50,5302.47
exec_intel,ipoib,4194304,763.89,5490.69
exec_intel,ipoib,0,6.90,0.00
exec_intel,ipoib,1,6.21,0.16
exec_intel,ipoib,2,6.13,0.33
exec_intel,ipoib,4,6.18,0.65
exec_intel,ipoib,8,6.13,1.30
exec_intel,ipoib,16,6.14,2.60
exec_intel,ipoib,32,6.16,5.20
exec_intel,ipoib,64,6.16,10.39
exec_intel,ipoib,128,6.15,20.82
exec_intel,ipoib,256,6.16,41.54
exec_intel,ipoib,512,6.16,83.15
exec_intel,ipoib,1024,6.22,164.52
exec_intel,ipoib,2048,6.95,294.76
exec_intel,ipoib,4096,8.10,505.50
exec_intel,ipoib,8192,8.62,950.81
exec_intel,ipoib,16384,11.17,1466.93
exec_intel,ipoib,32768,18.54,1767.45
exec_intel,ipoib,65536,38.94,1683.03
exec_intel,ipoib,131072,52.87,2479.26
exec_intel,ipoib,262144,75.04,3493.35
exec_intel,ipoib,524288,121.28,4323.09
exec_intel,ipoib,1048576,212.31,4938.82
exec_intel,ipoib,2097152,397.95,5269.86
exec_intel,ipoib,4194304,782.16,5362.48
exec_intel,ib,0,1.19,0.00
exec_intel,ib,1,1.16,0.86
exec_intel,ib,2,1.16,1.72
exec_intel,ib,4,1.14,3.51
exec_intel,ib,8,1.21,6.63
exec_intel,ib,16,1.22,13.13
exec_intel,ib,32,1.20,26.56
exec_intel,ib,64,1.29,49.69
exec_intel,ib,128,1.87,68.53
exec_intel,ib,256,2.00,127.94
exec_intel,ib,512,2.15,238.04
exec_intel,ib,1024,2.42,422.42
exec_intel,ib,2048,2.91,704.01
exec_intel,ib,4096,4.02,1018.75
exec_intel,ib,8192,5.76,1422.19
exec_intel,ib,16384,6.46,2537.35
exec_intel,ib,32768,8.43,3887.81
exec_intel,ib,65536,12.54,5226.74
exec_intel,ib,131072,20.90,6270.64
exec_intel,ib,262144,37.66,6960.63
exec_intel,ib,524288,71.37,7345.56
exec_intel,ib,1048576,137.77,7610.93
exec_intel,ib,2097152,270.35,7757.24
exec_intel,ib,4194304,538.29,7791.97
exec_intel,eth,0,6.72,0.00
exec_intel,eth,1,6.19,0.16
exec_intel,eth,2,6.05,0.33
exec_intel,eth,4,6.05,0.66
exec_intel,eth,8,5.99,1.34
exec_intel,eth,16,6.00,2.67
exec_intel,eth,32,5.97,5.36
exec_intel,eth,64,6.02,10.64
exec_intel,eth,128,6.05,21.17
exec_intel,eth,256,6.05,42.29
exec_intel,eth,512,6.09,84.12
exec_intel,eth,1024,6.10,167.81
exec_intel,eth,2048,6.84,299.43
exec_intel,eth,4096,8.14,502.89
exec_intel,eth,8192,8.44,970.90
exec_intel,eth,16384,11.43,1433.74
exec_intel,eth,32768,18.61,1760.68
exec_intel,eth,65536,39.20,1671.65
exec_intel,eth,131072,52.21,2510.58
exec_intel,eth,262144,74.66,3510.98
exec_intel,eth,524288,120.78,4340.92
exec_intel,eth,1048576,211.27,4963.32
exec_intel,eth,2097152,396.42,5290.25
exec_intel,eth,4194304,770.62,5442.74
exec_intel,ipoib,0,6.60,0.00
exec_intel,ipoib,1,6.13,0.16
exec_intel,ipoib,2,6.09,0.33
exec_intel,ipoib,4,6.08,0.66
exec_intel,ipoib,8,6.03,1.33
exec_intel,ipoib,16,6.04,2.65
exec_intel,ipoib,32,6.02,5.32
exec_intel,ipoib,64,6.07,10.55
exec_intel,ipoib,128,6.10,20.99
exec_intel,ipoib,256,6.09,42.06
exec_intel,ipoib,512,6.11,83.83
exec_intel,ipoib,1024,6.11,167.63
exec_intel,ipoib,2048,6.52,313.89
exec_intel,ipoib,4096,7.46,548.84
exec_intel,ipoib,8192,8.55,958.03
exec_intel,ipoib,16384,11.06,1482.02
exec_intel,ipoib,32768,18.54,1767.55
exec_intel,ipoib,65536,37.36,1754.18
exec_intel,ipoib,131072,51.10,2565.03
exec_intel,ipoib,262144,73.04,3588.94
exec_intel,ipoib,524288,118.61,4420.09
exec_intel,ipoib,1048576,207.98,5041.69
exec_intel,ipoib,2097152,388.58,5396.95
exec_intel,ipoib,4194304,778.80,5385.62
exec_intel,ib,0,1.14,0.00
exec_intel,ib,1,1.17,0.85
exec_intel,ib,2,1.19,1.68
exec_intel,ib,4,1.18,3.40
exec_intel,ib,8,1.19,6.71
exec_intel,ib,16,1.21,13.23
exec_intel,ib,32,1.20,26.56
exec_intel,ib,64,1.25,51.28
exec_intel,ib,128,1.81,70.58
exec_intel,ib,256,1.97,129.82
exec_intel,ib,512,2.10,243.83
exec_intel,ib,1024,2.39,427.69
exec_intel,ib,2048,2.88,710.09
exec_intel,ib,4096,4.02,1019.14
exec_intel,ib,8192,5.65,1449.94
exec_intel,ib,16384,6.22,2633.90
exec_intel,ib,32768,8.29,3953.48
exec_intel,ib,65536,12.57,5213.61
exec_intel,ib,131072,20.84,6288.59
exec_intel,ib,262144,37.62,6968.92
exec_intel,ib,524288,71.28,7355.26
exec_intel,ib,1048576,137.89,7604.20
exec_intel,ib,2097152,270.47,7753.80
exec_intel,ib,4194304,538.61,7787.22
exec_intel,eth,0,6.58,0.00
exec_intel,eth,1,7.21,0.14
exec_intel,eth,2,6.88,0.29
exec_intel,eth,4,6.81,0.59
exec_intel,eth,8,6.65,1.20
exec_intel,eth,16,6.48,2.47
exec_intel,eth,32,6.31,5.07
exec_intel,eth,64,6.23,10.28
exec_intel,eth,128,6.18,20.72
exec_intel,eth,256,6.11,41.90
exec_intel,eth,512,6.10,83.95
exec_intel,eth,1024,6.34,161.45
exec_intel,eth,2048,6.71,305.34
exec_intel,eth,4096,7.83,523.41
exec_intel,eth,8192,8.47,967.31
exec_intel,eth,16384,11.19,1464.82
exec_intel,eth,32768,18.45,1776.26
exec_intel,eth,65536,37.44,1750.51
exec_intel,eth,131072,51.65,2537.46
exec_intel,eth,262144,74.28,3529.18
exec_intel,eth,524288,118.77,4414.40
exec_intel,eth,1048576,210.71,4976.33
exec_intel,eth,2097152,394.11,5321.20
exec_intel,eth,4194304,794.25,5280.81
exec_intel,ipoib,0,7.03,0.00
exec_intel,ipoib,1,6.78,0.15
exec_intel,ipoib,2,6.98,0.29
exec_intel,ipoib,4,7.01,0.57
exec_intel,ipoib,8,6.69,1.20
exec_intel,ipoib,16,6.44,2.49
exec_intel,ipoib,32,6.24,5.13
exec_intel,ipoib,64,6.19,10.34
exec_intel,ipoib,128,6.10,20.98
exec_intel,ipoib,256,6.11,41.90
exec_intel,ipoib,512,6.08,84.14
exec_intel,ipoib,1024,5.97,171.42
exec_intel,ipoib,2048,6.73,304.43
exec_intel,ipoib,4096,7.60,539.14
exec_intel,ipoib,8192,8.23,995.87
exec_intel,ipoib,16384,11.31,1449.02
exec_intel,ipoib,32768,18.70,1751.86
exec_intel,ipoib,65536,37.42,1751.47
exec_intel,ipoib,131072,51.11,2564.37
exec_intel,ipoib,262144,74.08,3538.80
exec_intel,ipoib,524288,118.12,4438.57
exec_intel,ipoib,1048576,210.15,4989.74
exec_intel,ipoib,2097152,395.35,5304.57
exec_intel,ipoib,4194304,783.29,5354.73
exec_intel,eth,0,7.10,0.00
exec_intel,eth,1,7.24,0.14
exec_intel,eth,2,7.09,0.28
exec_intel,eth,4,7.02,0.57
exec_intel,eth,8,6.73,1.19
exec_intel,eth,16,6.51,2.46
exec_intel,eth,32,6.34,5.05
exec_intel,eth,64,6.22,10.30
exec_intel,eth,128,6.16,20.78
exec_intel,eth,256,6.10,41.98
exec_intel,eth,512,6.06,84.53
exec_intel,eth,1024,6.12,167.42
exec_intel,eth,2048,6.68,306.81
exec_intel,eth,4096,8.01,511.49
exec_intel,eth,8192,8.56,957.56
exec_intel,eth,16384,11.25,1456.91
exec_intel,eth,32768,18.47,1773.74
exec_intel,eth,65536,37.58,1743.88
exec_intel,eth,131072,51.07,2566.74
exec_intel,eth,262144,73.60,3561.75
exec_intel,eth,524288,120.72,4343.00
exec_intel,eth,1048576,208.19,5036.57
exec_intel,eth,2097152,387.22,5415.98
exec_intel,eth,4194304,786.22,5334.77
exec_intel,ib,0,1.14,0.00
exec_intel,ib,1,1.17,0.85
exec_intel,ib,2,1.34,1.49
exec_intel,ib,4,1.23,3.24
exec_intel,ib,8,1.22,6.58
exec_intel,ib,16,1.23,12.98
exec_intel,ib,32,1.22,26.14
exec_intel,ib,64,1.32,48.56
exec_intel,ib,128,1.90,67.26
exec_intel,ib,256,2.06,124.20
exec_intel,ib,512,2.20,232.24
exec_intel,ib,1024,2.50,409.61
exec_intel,ib,2048,3.03,676.97
exec_intel,ib,4096,4.23,969.09
exec_intel,ib,8192,5.86,1397.45
exec_intel,ib,16384,6.52,2514.38
exec_intel,ib,32768,8.47,3867.55
exec_intel,ib,65536,12.54,5227.32
exec_intel,ib,131072,20.82,6296.25
exec_intel,ib,262144,37.63,6965.99
exec_intel,ib,524288,71.18,7365.84
exec_intel,ib,1048576,137.34,7634.77
exec_intel,ib,2097152,270.70,7747.20
exec_intel,ib,4194304,538.21,7793.01
exec_intel,ipoib,0,6.45,0.00
exec_intel,ipoib,1,5.94,0.17
exec_intel,ipoib,2,5.66,0.35
exec_intel,ipoib,4,5.65,0.71
exec_intel,ipoib,8,5.65,1.42
exec_intel,ipoib,16,5.62,2.84
exec_intel,ipoib,32,5.62,5.69
exec_intel,ipoib,64,5.67,11.28
exec_intel,ipoib,128,5.73,22.35
exec_intel,ipoib,256,5.80,44.15
exec_intel,ipoib,512,5.83,87.76
exec_intel,ipoib,1024,5.93,172.65
exec_intel,ipoib,2048,6.63,308.97
exec_intel,ipoib,4096,7.82,523.80
exec_intel,ipoib,8192,8.40,975.01
exec_intel,ipoib,16384,11.14,1470.48
exec_intel,ipoib,32768,17.95,1825.01
exec_intel,ipoib,65536,37.17,1763.24
exec_intel,ipoib,131072,50.72,2583.98
exec_intel,ipoib,262144,73.55,3564.35
exec_intel,ipoib,524288,119.10,4401.94
exec_intel,ipoib,1048576,208.90,5019.48
exec_intel,ipoib,2097152,390.84,5365.77
exec_intel,ipoib,4194304,789.95,5309.55
exec_intel,ib,0,1.17,0.00
exec_intel,ib,1,1.19,0.84
exec_intel,ib,2,1.21,1.65
exec_intel,ib,4,1.15,3.49
exec_intel,ib,8,1.15,6.98
exec_intel,ib,16,1.17,13.64
exec_intel,ib,32,1.19,26.85
exec_intel,ib,64,1.25,51.22
exec_intel,ib,128,1.86,68.65
exec_intel,ib,256,2.04,125.30
exec_intel,ib,512,2.22,230.60
exec_intel,ib,1024,2.54,403.57
exec_intel,ib,2048,3.06,669.58
exec_intel,ib,4096,4.21,972.95
exec_intel,ib,8192,5.96,1373.79
exec_intel,ib,16384,6.52,2514.55
exec_intel,ib,32768,8.53,3842.15
exec_intel,ib,65536,12.65,5182.67
exec_intel,ib,131072,20.93,6262.10
exec_intel,ib,262144,37.64,6963.92
exec_intel,ib,524288,71.15,7368.74
exec_intel,ib,1048576,137.66,7617.27
exec_intel,ib,2097152,270.95,7740.07
exec_intel,ib,4194304,536.72,7814.68
exec_intel,eth,0,6.85,0.00
exec_intel,eth,1,6.83,0.15
exec_intel,eth,2,6.61,0.30
exec_intel,eth,4,6.37,0.63
exec_intel,eth,8,6.16,1.30
exec_intel,eth,16,6.10,2.62
exec_intel,eth,32,5.95,5.38
exec_intel,eth,64,5.99,10.69
exec_intel,eth,128,5.95,21.52
exec_intel,eth,256,5.90,43.40
exec_intel,eth,512,5.92,86.48
exec_intel,eth,1024,6.05,169.12
exec_intel,eth,2048,6.60,310.21
exec_intel,eth,4096,7.77,527.20
exec_intel,eth,8192,8.49,964.97
exec_intel,eth,16384,11.31,1448.50
exec_intel,eth,32768,18.30,1790.60
exec_intel,eth,65536,38.27,1712.44
exec_intel,eth,131072,51.58,2541.05
exec_intel,eth,262144,73.83,3550.47
exec_intel,eth,524288,119.57,4384.76
exec_intel,eth,1048576,213.00,4922.96
exec_intel,eth,2097152,388.18,5402.47
exec_intel,eth,4194304,765.49,5479.27
exec_intel,eth,0,6.21,0.00
exec_intel,eth,1,6.13,0.16
exec_intel,eth,2,6.08,0.33
exec_intel,eth,4,6.00,0.67
exec_intel,eth,8,5.94,1.35
exec_intel,eth,16,5.93,2.70
exec_intel,eth,32,5.96,5.37
exec_intel,eth,64,5.94,10.78
exec_intel,eth,128,5.93,21.59
exec_intel,eth,256,5.83,43.94
exec_intel,eth,512,5.85,87.49
exec_intel,eth,1024,5.98,171.22
exec_intel,eth,2048,6.80,301.26
exec_intel,eth,4096,7.65,535.29
exec_intel,eth,8192,8.14,1006.01
exec_intel,eth,16384,10.75,1524.58
exec_intel,eth,32768,17.99,1821.31
exec_intel,eth,65536,37.04,1769.36
exec_intel,eth,131072,51.32,2554.09
exec_intel,eth,262144,74.24,3530.97
exec_intel,eth,524288,118.44,4426.59
exec_intel,eth,1048576,207.31,5057.95
exec_intel,eth,2097152,391.62,5355.01
exec_intel,eth,4194304,774.27,5417.12
exec_intel,ib,0,1.08,0.00
exec_intel,ib,1,1.10,0.91
exec_intel,ib,2,1.10,1.82
exec_intel,ib,4,1.14,3.51
exec_intel,ib,8,1.23,6.53
exec_intel,ib,16,1.25,12.85
exec_intel,ib,32,1.23,26.01
exec_intel,ib,64,1.34,47.60
exec_intel,ib,128,1.96,65.45
exec_intel,ib,256,2.14,119.60
exec_intel,ib,512,2.30,222.54
exec_intel,ib,1024,2.67,384.09
exec_intel,ib,2048,3.26,628.29
exec_intel,ib,4096,4.54,901.33
exec_intel,ib,8192,6.32,1296.07
exec_intel,ib,16384,6.58,2490.40
exec_intel,ib,32768,8.48,3861.96
exec_intel,ib,65536,12.73,5148.53
exec_intel,ib,131072,20.98,6248.03
exec_intel,ib,262144,37.79,6936.58
exec_intel,ib,524288,71.77,7304.81
exec_intel,ib,1048576,137.72,7613.56
exec_intel,ib,2097152,270.16,7762.56
exec_intel,ib,4194304,536.38,7819.67
exec_intel,ipoib,0,6.89,0.00
exec_intel,ipoib,1,6.99,0.14
exec_intel,ipoib,2,6.49,0.31
exec_intel,ipoib,4,6.25,0.64
exec_intel,ipoib,8,6.09,1.31
exec_intel,ipoib,16,6.00,2.67
exec_intel,ipoib,32,5.98,5.36
exec_intel,ipoib,64,5.98,10.70
exec_intel,ipoib,128,6.01,21.29
exec_intel,ipoib,256,5.97,42.87
exec_intel,ipoib,512,5.98,85.66
exec_intel,ipoib,1024,6.02,170.15
exec_intel,ipoib,2048,6.77,302.58
exec_intel,ipoib,4096,7.74,529.27
exec_intel,ipoib,8192,8.37,979.23
exec_intel,ipoib,16384,10.89,1504.58
exec_intel,ipoib,32768,18.52,1769.35
exec_intel,ipoib,65536,37.84,1731.87
exec_intel,ipoib,131072,50.65,2587.85
exec_intel,ipoib,262144,73.25,3578.65
exec_intel,ipoib,524288,120.60,4347.39
exec_intel,ipoib,1048576,207.84,5045.14
exec_intel,ipoib,2097152,387.48,5412.32
exec_intel,ipoib,4194304,783.60,5352.63
exec_intel,ib,0,1.13,0.00
exec_intel,ib,1,1.17,0.86
exec_intel,ib,2,1.18,1.70
exec_intel,ib,4,1.15,3.47
exec_intel,ib,8,1.21,6.62
exec_intel,ib,16,1.21,13.21
exec_intel,ib,32,1.18,27.05
exec_intel,ib,64,1.29,49.47
exec_intel,ib,128,1.85,69.27
exec_intel,ib,256,1.99,128.64
exec_intel,ib,512,2.26,226.34
exec_intel,ib,1024,2.41,424.30
exec_intel,ib,2048,2.90,706.46
exec_intel,ib,4096,4.05,1011.29
exec_intel,ib,8192,5.68,1442.70
exec_intel,ib,16384,6.22,2635.61
exec_intel,ib,32768,8.45,3875.93
exec_intel,ib,65536,12.58,5207.57
exec_intel,ib,131072,20.85,6285.45
exec_intel,ib,262144,37.66,6960.37
exec_intel,ib,524288,71.09,7374.94
exec_intel,ib,1048576,137.53,7624.52
exec_intel,ib,2097152,271.79,7716.08
exec_intel,ib,4194304,538.15,7793.99
exec_intel,eth,0,6.23,0.00
exec_intel,eth,1,6.09,0.16
exec_intel,eth,2,6.07,0.33
exec_intel,eth,4,6.02,0.66
exec_intel,eth,8,5.87,1.36
exec_intel,eth,16,5.84,2.74
exec_intel,eth,32,5.84,5.48
exec_intel,eth,64,5.93,10.80
exec_intel,eth,128,5.96,21.48
exec_intel,eth,256,6.07,42.18
exec_intel,eth,512,6.10,83.97
exec_intel,eth,1024,6.10,167.75
exec_intel,eth,2048,6.47,316.42
exec_intel,eth,4096,7.43,550.95
exec_intel,eth,8192,8.51,962.16
exec_intel,eth,16384,11.03,1485.62
exec_intel,eth,32768,18.31,1789.61
exec_intel,eth,65536,37.18,1762.81
exec_intel,eth,131072,50.55,2592.78
exec_intel,eth,262144,74.00,3542.42
exec_intel,eth,524288,117.84,4449.07
exec_intel,eth,1048576,208.09,5038.98
exec_intel,eth,2097152,390.20,5374.61
exec_intel,eth,4194304,774.61,5414.75
exec_intel,ipoib,0,6.43,0.00
exec_intel,ipoib,1,6.77,0.15
exec_intel,ipoib,2,6.74,0.30
exec_intel,ipoib,4,6.51,0.61
exec_intel,ipoib,8,6.31,1.27
exec_intel,ipoib,16,6.10,2.62
exec_intel,ipoib,32,5.98,5.36
exec_intel,ipoib,64,5.92,10.80
exec_intel,ipoib,128,5.89,21.74
exec_intel,ipoib,256,5.87,43.62
exec_intel,ipoib,512,5.89,86.87
exec_intel,ipoib,1024,6.05,169.38
exec_intel,ipoib,2048,6.54,313.08
exec_intel,ipoib,4096,7.87,520.24
exec_intel,ipoib,8192,8.43,971.45
exec_intel,ipoib,16384,11.11,1474.36
exec_intel,ipoib,32768,18.46,1775.18
exec_intel,ipoib,65536,38.01,1724.17
exec_intel,ipoib,131072,51.14,2562.85
exec_intel,ipoib,262144,73.32,3575.14
exec_intel,ipoib,524288,121.27,4323.33
exec_intel,ipoib,1048576,212.76,4928.52
exec_intel,ipoib,2097152,388.32,5400.53
exec_intel,ipoib,4194304,778.28,5389.18
exec_intel,ipoib,0,6.68,0.00
exec_intel,ipoib,1,6.14,0.16
exec_intel,ipoib,2,6.04,0.33
exec_intel,ipoib,4,5.99,0.67
exec_intel,ipoib,8,5.99,1.34
exec_intel,ipoib,16,5.98,2.67
exec_intel,ipoib,32,5.98,5.35
exec_intel,ipoib,64,6.00,10.66
exec_intel,ipoib,128,5.98,21.40
exec_intel,ipoib,256,5.98,42.79
exec_intel,ipoib,512,5.99,85.52
exec_intel,ipoib,1024,6.08,168.37
exec_intel,ipoib,2048,6.68,306.63
exec_intel,ipoib,4096,7.71,531.08
exec_intel,ipoib,8192,8.37,979.17
exec_intel,ipoib,16384,11.23,1459.30
exec_intel,ipoib,32768,18.45,1775.93
exec_intel,ipoib,65536,37.57,1744.56
exec_intel,ipoib,131072,49.59,2643.09
exec_intel,ipoib,262144,72.08,3636.95
exec_intel,ipoib,524288,117.00,4480.93
exec_intel,ipoib,1048576,206.08,5088.20
exec_intel,ipoib,2097152,396.24,5292.68
exec_intel,ipoib,4194304,754.79,5556.88
exec_intel,ib,0,1.13,0.00
exec_intel,ib,1,1.18,0.84
exec_intel,ib,2,1.20,1.67
exec_intel,ib,4,1.17,3.41
exec_intel,ib,8,1.22,6.56
exec_intel,ib,16,1.24,12.89
exec_intel,ib,32,1.22,26.30
exec_intel,ib,64,1.32,48.35
exec_intel,ib,128,1.96,65.35
exec_intel,ib,256,2.12,120.50
exec_intel,ib,512,2.27,225.97
exec_intel,ib,1024,2.61,392.63
exec_intel,ib,2048,3.13,653.30
exec_intel,ib,4096,4.29,953.76
exec_intel,ib,8192,6.15,1333.11
exec_intel,ib,16384,6.54,2503.69
exec_intel,ib,32768,8.54,3835.95
exec_intel,ib,65536,12.53,5228.97
exec_intel,ib,131072,20.78,6309.01
exec_intel,ib,262144,37.67,6958.26
exec_intel,ib,524288,71.12,7371.54
exec_intel,ib,1048576,137.97,7600.16
exec_intel,ib,2097152,271.26,7731.21
exec_intel,ib,4194304,538.96,7782.21
exec_intel,eth,0,6.25,0.00
exec_intel,eth,1,6.36,0.16
exec_intel,eth,2,6.02,0.33
exec_intel,eth,4,5.99,0.67
exec_intel,eth,8,5.90,1.36
exec_intel,eth,16,5.86,2.73
exec_intel,eth,32,5.85,5.47
exec_intel,eth,64,5.87,10.91
exec_intel,eth,128,6.18,20.70
exec_intel,eth,256,5.97,42.88
exec_intel,eth,512,6.06,84.56
exec_intel,eth,1024,6.18,165.68
exec_intel,eth,2048,6.66,307.35
exec_intel,eth,4096,7.61,538.52
exec_intel,eth,8192,8.95,915.54
exec_intel,eth,16384,11.30,1449.99
exec_intel,eth,32768,18.37,1783.57
exec_intel,eth,65536,38.42,1705.78
exec_intel,eth,131072,51.23,2558.69
exec_intel,eth,262144,73.78,3553.02
exec_intel,eth,524288,119.97,4370.13
exec_intel,eth,1048576,210.08,4991.23
exec_intel,eth,2097152,398.75,5259.32
exec_intel,eth,4194304,769.14,5453.25
exec_intel,ipoib,0,6.18,0.00
exec_intel,ipoib,1,5.68,0.18
exec_intel,ipoib,2,5.73,0.35
exec_intel,ipoib,4,5.75,0.70
exec_intel,ipoib,8,5.71,1.40
exec_intel,ipoib,16,5.71,2.80
exec_intel,ipoib,32,5.72,5.60
exec_intel,ipoib,64,5.71,11.21
exec_intel,ipoib,128,5.72,22.37
exec_intel,ipoib,256,5.69,44.97
exec_intel,ipoib,512,5.75,88.98
exec_intel,ipoib,1024,5.89,173.80
exec_intel,ipoib,2048,6.71,305.24
exec_intel,ipoib,4096,7.58,540.22
exec_intel,ipoib,8192,8.05,1018.07
exec_intel,ipoib,16384,10.70,1530.77
exec_intel,ipoib,32768,17.98,1822.72
exec_intel,ipoib,65536,36.79,1781.36
exec_intel,ipoib,131072,49.66,2639.25
exec_intel,ipoib,262144,71.73,3654.67
exec_intel,ipoib,524288,116.69,4493.15
exec_intel,ipoib,1048576,204.93,5116.64
exec_intel,ipoib,2097152,381.02,5504.08
exec_intel,ipoib,4194304,758.94,5526.54
exec_intel,ib,0,1.15,0.00
exec_intel,ib,1,1.19,0.84
exec_intel,ib,2,1.17,1.71
exec_intel,ib,4,1.15,3.47
exec_intel,ib,8,1.22,6.57
exec_intel,ib,16,1.23,13.03
exec_intel,ib,32,1.21,26.54
exec_intel,ib,64,1.29,49.70
exec_intel,ib,128,1.85,69.15
exec_intel,ib,256,2.00,127.99
exec_intel,ib,512,2.13,240.40
exec_intel,ib,1024,2.40,426.68
exec_intel,ib,2048,2.90,706.42
exec_intel,ib,4096,4.03,1016.85
exec_intel,ib,8192,5.68,1442.33
exec_intel,ib,16384,6.50,2521.26
exec_intel,ib,32768,8.66,3783.59
exec_intel,ib,65536,12.68,5166.50
exec_intel,ib,131072,20.82,6294.03
exec_intel,ib,262144,37.64,6965.36
exec_intel,ib,524288,70.98,7386.23
exec_intel,ib,1048576,137.43,7629.97
exec_intel,ib,2097152,270.54,7751.75
exec_intel,ib,4194304,538.37,7790.73
exec_intel,eth,0,6.89,0.00
exec_intel,eth,1,7.07,0.14
exec_intel,eth,2,6.99,0.29
exec_intel,eth,4,6.69,0.60
exec_intel,eth,8,6.33,1.26
exec_intel,eth,16,6.17,2.59
exec_intel,eth,32,5.97,5.36
exec_intel,eth,64,5.92,10.82
exec_intel,eth,128,5.86,21.84
exec_intel,eth,256,5.85,43.76
exec_intel,eth,512,5.82,87.99
exec_intel,eth,1024,5.99,171.01
exec_intel,eth,2048,6.59,310.78
exec_intel,eth,4096,7.70,532.13
exec_intel,eth,8192,8.27,991.09
exec_intel,eth,16384,11.20,1462.50
exec_intel,eth,32768,18.37,1783.34
exec_intel,eth,65536,37.75,1735.93
exec_intel,eth,131072,51.34,2553.05
exec_intel,eth,262144,73.83,3550.52
exec_intel,eth,524288,118.64,4419.16
exec_intel,eth,1048576,209.00,5017.20
exec_intel,eth,2097152,390.22,5374.23
exec_intel,eth,4194304,778.67,5386.53
exec_intel,eth,0,6.24,0.00
exec_intel,eth,1,5.85,0.17
exec_intel,eth,2,5.85,0.34
exec_intel,eth,4,5.85,0.68
exec_intel,eth,8,5.84,1.37
exec_intel,eth,16,5.85,2.73
exec_intel,eth,32,5.84,5.48
exec_intel,eth,64,5.88,10.88
exec_intel,eth,128,5.88,21.78
exec_intel,eth,256,5.93,43.21
exec_intel,eth,512,5.95,86.05
exec_intel,eth,1024,6.11,167.65
exec_intel,eth,2048,6.80,301.13
exec_intel,eth,4096,7.85,522.08
exec_intel,eth,8192,8.56,957.47
exec_intel,eth,16384,11.26,1455.00
exec_intel,eth,32768,18.83,1740.27
exec_intel,eth,65536,38.14,1718.41
exec_intel,eth,131072,50.41,2599.87
exec_intel,eth,262144,72.12,3634.82
exec_intel,eth,524288,116.48,4501.05
exec_intel,eth,1048576,205.32,5106.99
exec_intel,eth,2097152,382.00,5489.89
exec_intel,eth,4194304,754.80,5556.82
exec_intel,ib,0,1.14,0.00
exec_intel,ib,1,1.25,0.80
exec_intel,ib,2,1.25,1.61
exec_intel,ib,4,1.25,3.21
exec_intel,ib,8,1.32,6.08
exec_intel,ib,16,1.29,12.36
exec_intel,ib,32,1.33,24.12
exec_intel,ib,64,1.40,45.73
exec_intel,ib,128,2.07,61.80
exec_intel,ib,256,2.26,113.41
exec_intel,ib,512,2.43,210.97
exec_intel,ib,1024,2.78,369.00
exec_intel,ib,2048,3.42,598.23
exec_intel,ib,4096,4.72,868.09
exec_intel,ib,8192,6.50,1259.71
exec_intel,ib,16384,6.80,2410.21
exec_intel,ib,32768,8.72,3758.72
exec_intel,ib,65536,12.83,5107.15
exec_intel,ib,131072,21.02,6234.84
exec_intel,ib,262144,37.79,6937.73
exec_intel,ib,524288,71.21,7362.79
exec_intel,ib,1048576,137.34,7634.94
exec_intel,ib,2097152,270.64,7748.83
exec_intel,ib,4194304,538.72,7785.65
exec_intel,ipoib,0,7.30,0.00
exec_intel,ipoib,1,7.20,0.14
exec_intel,ipoib,2,7.20,0.28
exec_intel,ipoib,4,7.37,0.54
exec_intel,ipoib,8,6.60,1.21
exec_intel,ipoib,16,6.36,2.52
exec_intel,ipoib,32,6.12,5.23
exec_intel,ipoib,64,6.03,10.62
exec_intel,ipoib,128,5.98,21.41
exec_intel,ipoib,256,5.95,43.02
exec_intel,ipoib,512,5.90,86.80
exec_intel,ipoib,1024,6.00,170.53
exec_intel,ipoib,2048,6.64,308.39
exec_intel,ipoib,4096,7.81,524.63
exec_intel,ipoib,8192,8.18,1001.28
exec_intel,ipoib,16384,11.20,1463.08
exec_intel,ipoib,32768,18.07,1813.17
exec_intel,ipoib,65536,37.53,1746.25
exec_intel,ipoib,131072,50.54,2593.42
exec_intel,ipoib,262144,73.85,3549.73
exec_intel,ipoib,524288,119.23,4397.39
exec_intel,ipoib,1048576,209.18,5012.69
exec_intel,ipoib,2097152,397.44,5276.65
exec_intel,ipoib,4194304,759.77,5520.50
exec_intel,eth,0,6.89,0.00
exec_intel,eth,1,6.04,0.17
exec_intel,eth,2,6.25,0.32
exec_intel,eth,4,6.03,0.66
exec_intel,eth,8,5.93,1.35
exec_intel,eth,16,5.86,2.73
exec_intel,eth,32,5.85,5.47
exec_intel,eth,64,5.89,10.86
exec_intel,eth,128,5.94,21.54
exec_intel,eth,256,5.94,43.11
exec_intel,eth,512,5.96,85.93
exec_intel,eth,1024,6.15,166.48
exec_intel,eth,2048,6.79,301.61
exec_intel,eth,4096,7.92,516.86
exec_intel,eth,8192,8.26,992.06
exec_intel,eth,16384,11.15,1468.90
exec_intel,eth,32768,18.59,1762.30
exec_intel,eth,65536,37.80,1733.91
exec_intel,eth,131072,52.11,2515.46
exec_intel,eth,262144,74.50,3518.55
exec_intel,eth,524288,118.51,4423.81
exec_intel,eth,1048576,209.55,5004.03
exec_intel,eth,2097152,392.07,5348.98
exec_intel,eth,4194304,776.29,5403.00
exec_intel,ib,0,1.15,0.00
exec_intel,ib,1,1.21,0.83
exec_intel,ib,2,1.21,1.66
exec_intel,ib,4,1.17,3.41
exec_intel,ib,8,1.21,6.59
exec_intel,ib,16,1.22,13.11
exec_intel,ib,32,1.20,26.69
exec_intel,ib,64,1.28,50.09
exec_intel,ib,128,1.86,68.88
exec_intel,ib,256,1.97,130.22
exec_intel,ib,512,2.13,240.08
exec_intel,ib,1024,2.43,421.66
exec_intel,ib,2048,2.89,709.51
exec_intel,ib,4096,4.05,1011.08
exec_intel,ib,8192,5.77,1418.54
exec_intel,ib,16384,6.31,2596.08
exec_intel,ib,32768,8.55,3831.10
exec_intel,ib,65536,12.61,5195.68
exec_intel,ib,131072,20.89,6275.18
exec_intel,ib,262144,37.67,6958.70
exec_intel,ib,524288,71.14,7370.02
exec_intel,ib,1048576,137.36,7633.69
exec_intel,ib,2097152,269.83,7772.04
exec_intel,ib,4194304,538.34,7791.24
exec_intel,ipoib,0,7.15,0.00
exec_intel,ipoib,1,7.17,0.14
exec_intel,ipoib,2,7.05,0.28
exec_intel,ipoib,4,6.88,0.58
exec_intel,ipoib,8,6.64,1.20
exec_intel,ipoib,16,6.60,2.42
exec_intel,ipoib,32,6.40,5.00
exec_intel,ipoib,64,6.35,10.08
exec_intel,ipoib,128,6.28,20.40
exec_intel,ipoib,256,6.27,40.83
exec_intel,ipoib,512,6.20,82.61
exec_intel,ipoib,1024,6.32,161.96
exec_intel,ipoib,2048,6.65,307.77
exec_intel,ipoib,4096,7.83,522.89
exec_intel,ipoib,8192,8.68,943.60
exec_intel,ipoib,16384,11.01,1488.28
exec_intel,ipoib,32768,18.42,1779.30
exec_intel,ipoib,65536,38.10,1720.06
exec_intel,ipoib,131072,51.25,2557.37
exec_intel,ipoib,262144,74.62,3512.91
exec_intel,ipoib,524288,118.47,4425.44
exec_intel,ipoib,1048576,209.76,4998.94
exec_intel,ipoib,2097152,388.10,5403.64
exec_intel,ipoib,4194304,780.53,5373.63
exec_intel,ib,0,1.08,0.00
exec_intel,ib,1,1.19,0.84
exec_intel,ib,2,1.19,1.69
exec_intel,ib,4,1.17,3.41
exec_intel,ib,8,1.23,6.48
exec_intel,ib,16,1.23,13.00
exec_intel,ib,32,1.24,25.89
exec_intel,ib,64,1.36,47.13
exec_intel,ib,128,2.00,64.11
exec_intel,ib,256,2.20,116.52
exec_intel,ib,512,2.37,215.89
exec_intel,ib,1024,2.71,377.64
exec_intel,ib,2048,3.34,613.11
exec_intel,ib,4096,4.75,861.44
exec_intel,ib,8192,6.48,1264.51
exec_intel,ib,16384,6.48,2528.32
exec_intel,ib,32768,8.64,3792.78
exec_intel,ib,65536,12.71,5154.80
exec_intel,ib,131072,20.97,6249.07
exec_intel,ib,262144,37.71,6951.08
exec_intel,ib,524288,71.30,7353.22
exec_intel,ib,1048576,137.45,7629.05
exec_intel,ib,2097152,269.94,7768.95
exec_intel,ib,4194304,545.40,7690.30
exec_intel,ipoib,0,6.89,0.00
exec_intel,ipoib,1,6.70,0.15
exec_intel,ipoib,2,6.40,0.31
exec_intel,ipoib,4,6.30,0.64
exec_intel,ipoib,8,6.27,1.27
exec_intel,ipoib,16,6.20,2.58
exec_intel,ipoib,32,6.11,5.24
exec_intel,ipoib,64,6.04,10.59
exec_intel,ipoib,128,5.92,21.62
exec_intel,ipoib,256,6.08,42.13
exec_intel,ipoib,512,6.17,82.99
exec_intel,ipoib,1024,6.30,162.48
exec_intel,ipoib,2048,6.75,303.33
exec_intel,ipoib,4096,7.80,525.34
exec_intel,ipoib,8192,8.25,993.32
exec_intel,ipoib,16384,11.26,1454.50
exec_intel,ipoib,32768,18.09,1811.46
exec_intel,ipoib,65536,38.12,1719.34
exec_intel,ipoib,131072,49.58,2643.58
exec_intel,ipoib,262144,72.37,3622.04
exec_intel,ipoib,524288,117.61,4457.86
exec_intel,ipoib,1048576,206.01,5089.92
exec_intel,ipoib,2097152,388.01,5404.94
exec_intel,ipoib,4194304,745.15,5628.81
exec_intel,eth,0,6.42,0.00
exec_intel,eth,1,6.31,0.16
exec_intel,eth,2,6.18,0.32
exec_intel,eth,4,6.08,0.66
exec_intel,eth,8,5.98,1.34
exec_intel,eth,16,5.90,2.71
exec_intel,eth,32,5.81,5.50
exec_intel,eth,64,5.86,10.93
exec_intel,eth,128,5.86,21.84
exec_intel,eth,256,5.95,43.01
exec_intel,eth,512,5.96,85.86
exec_intel,eth,1024,6.16,166.33
exec_intel,eth,2048,6.65,308.03
exec_intel,eth,4096,7.66,534.80
exec_intel,eth,8192,8.23,995.15
exec_intel,eth,16384,11.12,1473.19
exec_intel,eth,32768,18.16,1804.77
exec_intel,eth,65536,37.56,1744.64
exec_intel,eth,131072,51.34,2553.06
exec_intel,eth,262144,74.31,3527.87
exec_intel,eth,524288,118.37,4429.31
exec_intel,eth,1048576,208.30,5033.94
exec_intel,eth,2097152,392.01,5349.73
exec_intel,eth,4194304,776.47,5401.76
exec_intel,eth,0,7.21,0.00
exec_intel,eth,1,6.32,0.16
exec_intel,eth,2,5.94,0.34
exec_intel,eth,4,5.69,0.70
exec_intel,eth,8,5.68,1.41
exec_intel,eth,16,5.66,2.83
exec_intel,eth,32,5.67,5.65
exec_intel,eth,64,5.70,11.24
exec_intel,eth,128,5.69,22.51
exec_intel,eth,256,5.73,44.69
exec_intel,eth,512,5.80,88.30
exec_intel,eth,1024,5.90,173.59
exec_intel,eth,2048,6.77,302.61
exec_intel,eth,4096,7.96,514.62
exec_intel,eth,8192,8.31,986.34
exec_intel,eth,16384,11.27,1454.26
exec_intel,eth,32768,18.34,1787.11
exec_intel,eth,65536,37.85,1731.59
exec_intel,eth,131072,50.77,2581.66
exec_intel,eth,262144,73.39,3572.06
exec_intel,eth,524288,120.67,4344.91
exec_intel,eth,1048576,207.13,5062.50
exec_intel,eth,2097152,385.93,5434.03
exec_intel,eth,4194304,768.37,5458.73
exec_intel,ipoib,0,6.52,0.00
exec_intel,ipoib,1,6.22,0.16
exec_intel,ipoib,2,6.05,0.33
exec_intel,ipoib,4,6.01,0.67
exec_intel,ipoib,8,5.97,1.34
exec_intel,ipoib,16,5.98,2.68
exec_intel,ipoib,32,5.97,5.36
exec_intel,ipoib,64,5.96,10.74
exec_intel,ipoib,128,5.97,21.43
exec_intel,ipoib,256,5.98,42.83
exec_intel,ipoib,512,5.96,85.88
exec_intel,ipoib,1024,6.00,170.60
exec_intel,ipoib,2048,6.73,304.15
exec_intel,ipoib,4096,7.50,546.16
exec_intel,ipoib,8192,8.37,978.79
exec_intel,ipoib,16384,11.00,1489.20
exec_intel,ipoib,32768,18.00,1820.94
exec_intel,ipoib,65536,38.13,1718.59
exec_intel,ipoib,131072,50.90,2574.85
exec_intel,ipoib,262144,73.74,3555.14
exec_intel,ipoib,524288,119.78,4377.13
exec_intel,ipoib,1048576,211.35,4961.44
exec_intel,ipoib,2097152,398.72,5259.65
exec_intel,ipoib,4194304,766.38,5472.89
exec_intel,ib,0,1.19,0.00
exec_intel,ib,1,1.15,0.87
exec_intel,ib,2,1.17,1.71
exec_intel,ib,4,1.18,3.39
exec_intel,ib,8,1.20,6.65
exec_intel,ib,16,1.22,13.10
exec_intel,ib,32,1.24,25.89
exec_intel,ib,64,1.26,50.63
exec_intel,ib,128,1.85,69.19
exec_intel,ib,256,2.00,127.96
exec_intel,ib,512,2.13,240.41
exec_intel,ib,1024,2.44,420.43
exec_intel,ib,2048,2.92,701.58
exec_intel,ib,4096,3.98,1030.36
exec_intel,ib,8192,5.72,1432.40
exec_intel,ib,16384,6.29,2605.60
exec_intel,ib,32768,8.27,3960.64
exec_intel,ib,65536,12.35,5304.45
exec_intel,ib,131072,20.61,6358.43
exec_intel,ib,262144,37.54,6982.47
exec_intel,ib,524288,71.02,7382.43
exec_intel,ib,1048576,137.32,7635.84
exec_intel,ib,2097152,270.27,7759.42
exec_intel,ib,4194304,536.74,7814.42
exec_intel,ib,0,0.95,0.00
exec_intel,ib,1,1.03,0.97
exec_intel,ib,2,1.08,1.85
exec_intel,ib,4,1.08,3.71
exec_intel,ib,8,1.09,7.34
exec_intel,ib,16,1.09,14.67
exec_intel,ib,32,1.12,28.57
exec_intel,ib,64,1.16,55.10
exec_intel,ib,128,1.64,77.98
exec_intel,ib,256,1.72,149.03
exec_intel,ib,512,1.83,279.64
exec_intel,ib,1024,2.04,502.10
exec_intel,ib,2048,2.52,811.35
exec_intel,ib,4096,3.54,1155.60
exec_intel,ib,8192,5.09,1608.95
exec_intel,ib,16384,5.95,2752.67
exec_intel,ib,32768,8.10,4047.57
exec_intel,ib,65536,12.26,5347.55
exec_intel,ib,131072,20.32,6450.86
exec_intel,ib,262144,36.97,7091.48
exec_intel,ib,524288,70.33,7454.53
exec_intel,ib,1048576,136.31,7692.54
exec_intel,ib,2097152,269.07,7794.21
exec_intel,ib,4194304,535.23,7836.40
exec_intel,ipoib,0,6.78,0.00
exec_intel,ipoib,1,6.23,0.16
exec_intel,ipoib,2,6.22,0.32
exec_intel,ipoib,4,6.18,0.65
exec_intel,ipoib,8,6.04,1.32
exec_intel,ipoib,16,5.99,2.67
exec_intel,ipoib,32,5.94,5.39
exec_intel,ipoib,64,5.90,10.84
exec_intel,ipoib,128,5.96,21.49
exec_intel,ipoib,256,6.00,42.65
exec_intel,ipoib,512,6.05,84.65
exec_intel,ipoib,1024,6.08,168.29
exec_intel,ipoib,2048,6.99,292.93
exec_intel,ipoib,4096,8.27,495.27
exec_intel,ipoib,8192,8.19,1000.62
exec_intel,ipoib,16384,11.21,1461.07
exec_intel,ipoib,32768,18.17,1803.67
exec_intel,ipoib,65536,37.28,1758.06
exec_intel,ipoib,131072,51.22,2559.22
exec_intel,ipoib,262144,73.04,3589.23
exec_intel,ipoib,524288,119.98,4369.77
exec_intel,ipoib,1048576,206.59,5075.66
exec_intel,ipoib,2097152,389.74,5380.96
exec_intel,ipoib,4194304,761.16,5510.40
exec_intel,eth,0,7.16,0.00
exec_intel,eth,1,6.85,0.15
exec_intel,eth,2,6.82,0.29
exec_intel,eth,4,6.85,0.58
exec_intel,eth,8,6.68,1.20
exec_intel,eth,16,6.54,2.45
exec_intel,eth,32,6.62,4.83
exec_intel,eth,64,6.56,9.76
exec_intel,eth,128,6.47,19.78
exec_intel,eth,256,6.50,39.41
exec_intel,eth,512,6.31,81.20
exec_intel,eth,1024,7.34,139.46
exec_intel,eth,2048,8.15,251.20
exec_intel,eth,4096,9.61,426.19
exec_intel,eth,8192,9.79,837.01
exec_intel,eth,16384,12.45,1316.05
exec_intel,eth,32768,19.01,1723.36
exec_intel,eth,65536,37.87,1730.66
exec_intel,eth,131072,51.80,2530.48
exec_intel,eth,262144,73.25,3578.74
exec_intel,eth,524288,119.21,4397.97
exec_intel,eth,1048576,209.02,5016.71
exec_intel,eth,2097152,389.57,5383.29
exec_intel,eth,4194304,767.08,5467.86
exec_intel,eth,0,6.93,0.00
exec_intel,eth,1,6.75,0.15
exec_intel,eth,2,6.63,0.30
exec_intel,eth,4,6.39,0.63
exec_intel,eth,8,6.26,1.28
exec_intel,eth,16,6.08,2.63
exec_intel,eth,32,6.03,5.30
exec_intel,eth,64,6.03,10.62
exec_intel,eth,128,6.00,21.33
exec_intel,eth,256,5.96,42.92
exec_intel,eth,512,6.05,84.60
exec_intel,eth,1024,6.13,167.09
exec_intel,eth,2048,6.98,293.56
exec_intel,eth,4096,8.16,502.04
exec_intel,eth,8192,8.24,993.81
exec_intel,eth,16384,10.79,1517.75
exec_intel,eth,32768,17.76,1845.53
exec_intel,eth,65536,36.82,1780.09
exec_intel,eth,131072,49.96,2623.31
exec_intel,eth,262144,70.74,3705.49
exec_intel,eth,524288,115.19,4551.42
exec_intel,eth,1048576,203.11,5162.68
exec_intel,eth,2097152,380.32,5514.15
exec_intel,eth,4194304,743.49,5641.40
exec_intel,ib,0,0.98,0.00
exec_intel,ib,1,0.99,1.01
exec_intel,ib,2,1.01,1.98
exec_intel,ib,4,1.02,3.91
exec_intel,ib,8,1.12,7.17
exec_intel,ib,16,1.13,14.21
exec_intel,ib,32,1.11,28.96
exec_intel,ib,64,1.13,56.74
exec_intel,ib,128,1.62,78.78
exec_intel,ib,256,1.70,150.21
exec_intel,ib,512,1.82,281.48
exec_intel,ib,1024,2.04,503.06
exec_intel,ib,2048,2.50,818.98
exec_intel,ib,4096,3.51,1167.19
exec_intel,ib,8192,5.13,1595.55
exec_intel,ib,16384,5.99,2735.16
exec_intel,ib,32768,8.06,4066.25
exec_intel,ib,65536,12.18,5380.32
exec_intel,ib,131072,20.36,6439.17
exec_intel,ib,262144,37.13,7059.75
exec_intel,ib,524288,70.56,7430.54
exec_intel,ib,1048576,136.69,7671.36
exec_intel,ib,2097152,268.79,7802.31
exec_intel,ib,4194304,538.16,7793.78
exec_intel,ipoib,0,7.35,0.00
exec_intel,ipoib,1,7.35,0.14
exec_intel,ipoib,2,7.03,0.28
exec_intel,ipoib,4,7.18,0.56
exec_intel,ipoib,8,7.01,1.14
exec_intel,ipoib,16,7.01,2.28
exec_intel,ipoib,32,6.95,4.60
exec_intel,ipoib,64,6.65,9.63
exec_intel,ipoib,128,6.64,19.28
exec_intel,ipoib,256,6.68,38.35
exec_intel,ipoib,512,6.63,77.25
exec_intel,ipoib,1024,6.88,148.84
exec_intel,ipoib,2048,6.92,295.80
exec_intel,ipoib,4096,7.94,515.92
exec_intel,ipoib,8192,8.69,942.71
exec_intel,ipoib,16384,11.36,1442.14
exec_intel,ipoib,32768,18.46,1775.46
exec_intel,ipoib,65536,37.99,1725.06
exec_intel,ipoib,131072,52.30,2506.14
exec_intel,ipoib,262144,73.87,3548.80
exec_intel,ipoib,524288,126.77,4135.67
exec_intel,ipoib,1048576,237.71,4411.22
exec_intel,ipoib,2097152,416.01,5041.17
exec_intel,ipoib,4194304,772.12,5432.19
exec_intel,ipoib,0,7.40,0.00
exec_intel,ipoib,1,5.54,0.18
exec_intel,ipoib,2,5.56,0.36
exec_intel,ipoib,4,5.51,0.73
exec_intel,ipoib,8,5.50,1.45
exec_intel,ipoib,16,5.47,2.92
exec_intel,ipoib,32,5.46,5.86
exec_intel,ipoib,64,5.48,11.68
exec_intel,ipoib,128,5.55,23.06
exec_intel,ipoib,256,5.54,46.19
exec_intel,ipoib,512,5.69,90.00
exec_intel,ipoib,1024,5.83,175.52
exec_intel,ipoib,2048,6.38,320.81
exec_intel,ipoib,4096,7.59,539.84
exec_intel,ipoib,8192,8.29,987.81
exec_intel,ipoib,16384,10.95,1495.67
exec_intel,ipoib,32768,18.30,1790.34
exec_intel,ipoib,65536,37.87,1730.64
exec_intel,ipoib,131072,51.10,2564.84
exec_intel,ipoib,262144,73.36,3573.32
exec_intel,ipoib,524288,119.09,4402.60
exec_intel,ipoib,1048576,212.39,4937.10
exec_intel,ipoib,2097152,386.97,5419.49
exec_intel,ipoib,4194304,764.15,5488.83
exec_intel,eth,0,7.09,0.00
exec_intel,eth,1,6.70,0.15
exec_intel,eth,2,6.76,0.30
exec_intel,eth,4,7.12,0.56
exec_intel,eth,8,6.59,1.21
exec_intel,eth,16,6.48,2.47
exec_intel,eth,32,6.52,4.91
exec_intel,eth,64,6.48,9.88
exec_intel,eth,128,6.58,19.45
exec_intel,eth,256,6.47,39.56
exec_intel,eth,512,6.44,79.50
exec_intel,eth,1024,6.58,155.62
exec_intel,eth,2048,7.18,285.18
exec_intel,eth,4096,8.51,481.53
exec_intel,eth,8192,9.01,908.79
exec_intel,eth,16384,11.92,1373.97
exec_intel,eth,32768,19.25,1702.53
exec_intel,eth,65536,40.37,1623.18
exec_intel,eth,131072,53.84,2434.30
exec_intel,eth,262144,77.17,3396.81
exec_intel,eth,524288,124.73,4203.44
exec_intel,eth,1048576,220.07,4764.82
exec_intel,eth,2097152,408.93,5128.43
exec_intel,eth,4194304,801.11,5235.62
exec_intel,ib,0,0.96,0.00
exec_intel,ib,1,1.15,0.87
exec_intel,ib,2,1.05,1.90
exec_intel,ib,4,1.04,3.83
exec_intel,ib,8,1.09,7.34
exec_intel,ib,16,1.11,14.41
exec_intel,ib,32,1.11,28.74
exec_intel,ib,64,1.11,57.89
exec_intel,ib,128,1.61,79.31
exec_intel,ib,256,1.70,150.36
exec_intel,ib,512,1.82,281.26
exec_intel,ib,1024,2.04,503.00
exec_intel,ib,2048,2.52,811.24
exec_intel,ib,4096,3.54,1157.98
exec_intel,ib,8192,5.05,1623.60
exec_intel,ib,16384,5.96,2749.78
exec_intel,ib,32768,7.95,4123.88
exec_intel,ib,65536,12.02,5450.06
exec_intel,ib,131072,20.33,6446.13
exec_intel,ib,262144,37.07,7071.60
exec_intel,ib,524288,70.56,7430.87
exec_intel,ib,1048576,136.88,7660.73
exec_intel,ib,2097152,269.03,7795.21
exec_intel,ib,4194304,535.76,7828.65
exec_intel,ib,0,0.97,0.00
exec_intel,ib,1,0.96,1.04
exec_intel,ib,2,0.90,2.22
exec_intel,ib,4,0.91,4.42
exec_intel,ib,8,0.96,8.35
exec_intel,ib,16,0.97,16.55
exec_intel,ib,32,0.98,32.50
exec_intel,ib,64,1.02,62.55
exec_intel,ib,128,1.41,90.58
exec_intel,ib,256,1.50,171.02
exec_intel,ib,512,1.62,315.81
exec_intel,ib,1024,1.82,562.70
exec_intel,ib,2048,2.22,923.94
exec_intel,ib,4096,3.16,1296.25
exec_intel,ib,8192,4.57,1791.23
exec_intel,ib,16384,5.86,2797.98
exec_intel,ib,32768,7.84,4177.78
exec_intel,ib,65536,11.92,5497.24
exec_intel,ib,131072,20.24,6476.05
exec_intel,ib,262144,37.05,7075.65
exec_intel,ib,524288,70.45,7441.79
exec_intel,ib,1048576,136.64,7674.19
exec_intel,ib,2097152,269.36,7785.72
exec_intel,ib,4194304,535.05,7839.07
exec_intel,eth,0,7.52,0.00
exec_intel,eth,1,6.01,0.17
exec_intel,eth,2,5.92,0.34
exec_intel,eth,4,5.80,0.69
exec_intel,eth,8,5.85,1.37
exec_intel,eth,16,5.86,2.73
exec_intel,eth,32,5.80,5.52
exec_intel,eth,64,5.78,11.07
exec_intel,eth,128,5.81,22.03
exec_intel,eth,256,5.81,44.06
exec_intel,eth,512,5.81,88.14
exec_intel,eth,1024,5.89,173.96
exec_intel,eth,2048,6.81,300.61
exec_intel,eth,4096,7.88,519.86
exec_intel,eth,8192,8.19,1000.04
exec_intel,eth,16384,11.23,1459.56
exec_intel,eth,32768,17.85,1835.31
exec_intel,eth,65536,38.01,1724.09
exec_intel,eth,131072,50.93,2573.77
exec_intel,eth,262144,73.52,3565.39
exec_intel,eth,524288,119.17,4399.65
exec_intel,eth,1048576,212.92,4924.69
exec_intel,eth,2097152,393.14,5334.35
exec_intel,eth,4194304,749.09,5599.23
exec_intel,ipoib,0,6.80,0.00
exec_intel,ipoib,1,6.68,0.15
exec_intel,ipoib,2,6.51,0.31
exec_intel,ipoib,4,6.42,0.62
exec_intel,ipoib,8,6.26,1.28
exec_intel,ipoib,16,6.12,2.61
exec_intel,ipoib,32,6.02,5.31
exec_intel,ipoib,64,6.01,10.65
exec_intel,ipoib,128,5.98,21.39
exec_intel,ipoib,256,5.99,42.75
exec_intel,ipoib,512,6.00,85.34
exec_intel,ipoib,1024,6.09,168.09
exec_intel,ipoib,2048,6.69,306.21
exec_intel,ipoib,4096,7.85,521.56
exec_intel,ipoib,8192,8.42,972.35
exec_intel,ipoib,16384,10.99,1490.81
exec_intel,ipoib,32768,18.21,1799.18
exec_intel,ipoib,65536,36.92,1775.10
exec_intel,ipoib,131072,50.84,2578.13
exec_intel,ipoib,262144,72.34,3623.55
exec_intel,ipoib,524288,117.83,4449.57
exec_intel,ipoib,1048576,208.13,5038.19
exec_intel,ipoib,2097152,391.25,5360.12
exec_intel,ipoib,4194304,760.16,5517.68
exec_intel,ipoib,0,7.23,0.00
exec_intel,ipoib,1,7.40,0.14
exec_intel,ipoib,2,7.07,0.28
exec_intel,ipoib,4,6.79,0.59
exec_intel,ipoib,8,6.61,1.21
exec_intel,ipoib,16,6.43,2.49
exec_intel,ipoib,32,6.26,5.11
exec_intel,ipoib,64,6.18,10.36
exec_intel,ipoib,128,6.18,20.71
exec_intel,ipoib,256,6.15,41.61
exec_intel,ipoib,512,6.14,83.46
exec_intel,ipoib,1024,6.26,163.57
exec_intel,ipoib,2048,6.92,296.04
exec_intel,ipoib,4096,8.15,502.37
exec_intel,ipoib,8192,8.50,964.25
exec_intel,ipoib,16384,11.64,1407.54
exec_intel,ipoib,32768,18.27,1793.49
exec_intel,ipoib,65536,37.67,1739.80
exec_intel,ipoib,131072,51.10,2564.84
exec_intel,ipoib,262144,72.96,3592.95
exec_intel,ipoib,524288,117.80,4450.48
exec_intel,ipoib,1048576,211.85,4949.58
exec_intel,ipoib,2097152,385.14,5445.19
exec_intel,ipoib,4194304,755.43,5552.17
exec_intel,ib,0,0.97,0.00
exec_intel,ib,1,0.98,1.03
exec_intel,ib,2,0.97,2.07
exec_intel,ib,4,0.95,4.19
exec_intel,ib,8,0.98,8.16
exec_intel,ib,16,0.98,16.32
exec_intel,ib,32,0.99,32.30
exec_intel,ib,64,1.01,63.46
exec_intel,ib,128,1.43,89.30
exec_intel,ib,256,1.51,170.09
exec_intel,ib,512,1.61,317.56
exec_intel,ib,1024,1.83,558.29
exec_intel,ib,2048,2.23,917.61
exec_intel,ib,4096,3.12,1311.34
exec_intel,ib,8192,4.63,1768.76
exec_intel,ib,16384,5.91,2770.04
exec_intel,ib,32768,7.93,4133.07
exec_intel,ib,65536,12.02,5453.28
exec_intel,ib,131072,20.29,6460.14
exec_intel,ib,262144,37.21,7045.34
exec_intel,ib,524288,70.61,7425.63
exec_intel,ib,1048576,136.68,7671.70
exec_intel,ib,2097152,271.54,7723.20
exec_intel,ib,4194304,535.16,7837.45
exec_intel,eth,0,7.82,0.00
exec_intel,eth,1,6.29,0.16
exec_intel,eth,2,5.74,0.35
exec_intel,eth,4,5.73,0.70
exec_intel,eth,8,5.73,1.40
exec_intel,eth,16,5.76,2.78
exec_intel,eth,32,5.74,5.58
exec_intel,eth,64,5.74,11.14
exec_intel,eth,128,5.78,22.15
exec_intel,eth,256,5.84,43.80
exec_intel,eth,512,5.93,86.34
exec_intel,eth,1024,6.05,169.39
exec_intel,eth,2048,6.64,308.28
exec_intel,eth,4096,7.93,516.76
exec_intel,eth,8192,8.40,975.79
exec_intel,eth,16384,11.45,1430.66
exec_intel,eth,32768,18.99,1725.49
exec_intel,eth,65536,37.95,1726.87
exec_intel,eth,131072,51.32,2554.24
exec_intel,eth,262144,74.38,3524.32
exec_intel,eth,524288,118.70,4416.99
exec_intel,eth,1048576,209.48,5005.70
exec_intel,eth,2097152,390.07,5376.31
exec_intel,eth,4194304,761.51,5507.87
exec_intel,ib,0,0.99,0.00
exec_intel,ib,1,0.99,1.01
exec_intel,ib,2,0.95,2.09
exec_intel,ib,4,0.96,4.18
exec_intel,ib,8,0.97,8.21
exec_intel,ib,16,0.96,16.74
exec_intel,ib,32,0.95,33.66
exec_intel,ib,64,1.00,63.86
exec_intel,ib,128,1.42,89.89
exec_intel,ib,256,1.49,171.78
exec_intel,ib,512,1.62,316.75
exec_intel,ib,1024,1.82,563.05
exec_intel,ib,2048,2.26,904.24
exec_intel,ib,4096,3.16,1296.12
exec_intel,ib,8192,4.63,1768.07
exec_intel,ib,16384,5.84,2803.65
exec_intel,ib,32768,7.85,4176.46
exec_intel,ib,65536,11.95,5484.91
exec_intel,ib,131072,20.27,6465.59
exec_intel,ib,262144,37.04,7077.47
exec_intel,ib,524288,70.55,7431.03
exec_intel,ib,1048576,136.83,7663.08
exec_intel,ib,2097152,269.04,7794.99
exec_intel,ib,4194304,535.49,7832.69
exec_intel,ipoib,0,7.12,0.00
exec_intel,ipoib,1,6.75,0.15
exec_intel,ipoib,2,6.60,0.30
exec_intel,ipoib,4,6.50,0.62
exec_intel,ipoib,8,6.37,1.26
exec_intel,ipoib,16,6.28,2.55
exec_intel,ipoib,32,6.16,5.20
exec_intel,ipoib,64,6.19,10.34
exec_intel,ipoib,128,6.15,20.82
exec_intel,ipoib,256,6.17,41.51
exec_intel,ipoib,512,6.16,83.07
exec_intel,ipoib,1024,6.27,163.29
exec_intel,ipoib,2048,6.81,300.74
exec_intel,ipoib,4096,7.89,518.95
exec_intel,ipoib,8192,8.41,973.57
exec_intel,ipoib,16384,11.43,1433.92
exec_intel,ipoib,32768,18.64,1757.86
exec_intel,ipoib,65536,38.30,1711.20
exec_intel,ipoib,131072,51.32,2553.85
exec_intel,ipoib,262144,74.00,3542.30
exec_intel,ipoib,524288,119.27,4395.70
exec_intel,ipoib,1048576,209.79,4998.30
exec_intel,ipoib,2097152,397.69,5273.27
exec_intel,ipoib,4194304,759.86,5519.87
exec_intel,eth,0,7.47,0.00
exec_intel,eth,1,7.27,0.14
exec_intel,eth,2,6.99,0.29
exec_intel,eth,4,6.87,0.58
exec_intel,eth,8,6.67,1.20
exec_intel,eth,16,6.61,2.42
exec_intel,eth,32,6.46,4.95
exec_intel,eth,64,6.43,9.95
exec_intel,eth,128,6.59,19.43
exec_intel,eth,256,6.59,38.83
exec_intel,eth,512,6.62,77.34
exec_intel,eth,1024,6.88,148.89
exec_intel,eth,2048,7.13,287.14
exec_intel,eth,4096,8.43,485.63
exec_intel,eth,8192,9.21,889.06
exec_intel,eth,16384,11.76,1393.00
exec_intel,eth,32768,18.62,1760.23
exec_intel,eth,65536,38.35,1708.67
exec_intel,eth,131072,51.87,2527.03
exec_intel,eth,262144,73.90,3547.39
exec_intel,eth,524288,120.46,4352.54
exec_intel,eth,1048576,211.33,4961.71
exec_intel,eth,2097152,394.19,5320.22
exec_intel,eth,4194304,771.89,5433.80
exec_intel,eth,0,6.94,0.00
exec_intel,eth,1,6.94,0.14
exec_intel,eth,2,6.93,0.29
exec_intel,eth,4,6.76,0.59
exec_intel,eth,8,6.46,1.24
exec_intel,eth,16,6.55,2.44
exec_intel,eth,32,6.46,4.95
exec_intel,eth,64,6.50,9.85
exec_intel,eth,128,6.48,19.75
exec_intel,eth,256,6.45,39.70
exec_intel,eth,512,6.28,81.52
exec_intel,eth,1024,6.30,162.63
exec_intel,eth,2048,7.35,278.59
exec_intel,eth,4096,8.42,486.66
exec_intel,eth,8192,8.79,931.88
exec_intel,eth,16384,11.34,1445.13
exec_intel,eth,32768,18.27,1793.05
exec_intel,eth,65536,37.67,1739.94
exec_intel,eth,131072,51.26,2557.12
exec_intel,eth,262144,73.96,3544.24
exec_intel,eth,524288,118.27,4433.06
exec_intel,eth,1048576,208.88,5020.09
exec_intel,eth,2097152,389.76,5380.61
exec_intel,eth,4194304,767.95,5461.69
exec_intel,ipoib,0,6.81,0.00
exec_intel,ipoib,1,5.84,0.17
exec_intel,ipoib,2,5.84,0.34
exec_intel,ipoib,4,5.88,0.68
exec_intel,ipoib,8,5.83,1.37
exec_intel,ipoib,16,5.81,2.75
exec_intel,ipoib,32,5.78,5.54
exec_intel,ipoib,64,5.84,10.96
exec_intel,ipoib,128,5.85,21.88
exec_intel,ipoib,256,5.87,43.58
exec_intel,ipoib,512,5.85,87.47
exec_intel,ipoib,1024,5.88,174.08
exec_intel,ipoib,2048,6.41,319.48
exec_intel,ipoib,4096,7.49,546.82
exec_intel,ipoib,8192,8.20,999.58
exec_intel,ipoib,16384,11.11,1475.30
exec_intel,ipoib,32768,18.19,1801.89
exec_intel,ipoib,65536,38.34,1709.47
exec_intel,ipoib,131072,50.87,2576.43
exec_intel,ipoib,262144,73.45,3569.23
exec_intel,ipoib,524288,119.00,4405.78
exec_intel,ipoib,1048576,210.00,4993.33
exec_intel,ipoib,2097152,390.75,5366.97
exec_intel,ipoib,4194304,774.21,5417.56
exec_intel,ib,0,0.95,0.00
exec_intel,ib,1,1.05,0.95
exec_intel,ib,2,1.04,1.92
exec_intel,ib,4,1.05,3.80
exec_intel,ib,8,1.11,7.23
exec_intel,ib,16,1.11,14.42
exec_intel,ib,32,1.08,29.62
exec_intel,ib,64,1.12,56.90
exec_intel,ib,128,1.61,79.34
exec_intel,ib,256,1.69,151.15
exec_intel,ib,512,1.81,282.23
exec_intel,ib,1024,2.04,500.95
exec_intel,ib,2048,2.48,824.80
exec_intel,ib,4096,3.53,1161.75
exec_intel,ib,8192,5.05,1622.94
exec_intel,ib,16384,6.05,2710.20
exec_intel,ib,32768,8.03,4080.51
exec_intel,ib,65536,12.14,5399.67
exec_intel,ib,131072,20.40,6423.87
exec_intel,ib,262144,37.21,7044.06
exec_intel,ib,524288,70.49,7437.61
exec_intel,ib,1048576,136.71,7669.97
exec_intel,ib,2097152,269.16,7791.38
exec_intel,ib,4194304,535.64,7830.52
exec_intel,ipoib,0,7.19,0.00
exec_intel,ipoib,1,6.91,0.14
exec_intel,ipoib,2,6.96,0.29
exec_intel,ipoib,4,6.79,0.59
exec_intel,ipoib,8,6.64,1.20
exec_intel,ipoib,16,6.46,2.48
exec_intel,ipoib,32,6.29,5.09
exec_intel,ipoib,64,6.28,10.20
exec_intel,ipoib,128,6.26,20.46
exec_intel,ipoib,256,6.51,39.30
exec_intel,ipoib,512,6.50,78.76
exec_intel,ipoib,1024,6.63,154.51
exec_intel,ipoib,2048,7.16,286.20
exec_intel,ipoib,4096,8.27,495.30
exec_intel,ipoib,8192,9.05,905.65
exec_intel,ipoib,16384,11.66,1404.64
exec_intel,ipoib,32768,18.13,1806.90
exec_intel,ipoib,65536,38.07,1721.51
exec_intel,ipoib,131072,51.14,2563.21
exec_intel,ipoib,262144,74.65,3511.71
exec_intel,ipoib,524288,119.08,4402.91
exec_intel,ipoib,1048576,212.26,4939.95
exec_intel,ipoib,2097152,387.39,5413.50
exec_intel,ipoib,4194304,968.68,4329.93
exec_intel,eth,0,7.00,0.00
exec_intel,eth,1,5.92,0.17
exec_intel,eth,2,5.54,0.36
exec_intel,eth,4,5.55,0.72
exec_intel,eth,8,5.53,1.45
exec_intel,eth,16,5.50,2.91
exec_intel,eth,32,5.55,5.77
exec_intel,eth,64,5.56,11.51
exec_intel,eth,128,5.58,22.95
exec_intel,eth,256,5.60,45.71
exec_intel,eth,512,5.69,89.91
exec_intel,eth,1024,5.83,175.75
exec_intel,eth,2048,6.49,315.61
exec_intel,eth,4096,7.53,543.97
exec_intel,eth,8192,8.05,1017.34
exec_intel,eth,16384,10.80,1517.57
exec_intel,eth,32768,18.01,1819.90
exec_intel,eth,65536,36.39,1800.89
exec_intel,eth,131072,50.57,2591.72
exec_intel,eth,262144,71.39,3671.81
exec_intel,eth,524288,115.85,4525.64
exec_intel,eth,1048576,204.19,5135.39
exec_intel,eth,2097152,381.52,5496.84
exec_intel,eth,4194304,761.11,5510.74
exec_intel,ib,0,1.01,0.00
exec_intel,ib,1,1.08,0.93
exec_intel,ib,2,1.06,1.89
exec_intel,ib,4,1.05,3.81
exec_intel,ib,8,1.27,6.30
exec_intel,ib,16,1.11,14.41
exec_intel,ib,32,1.09,29.40
exec_intel,ib,64,1.14,56.12
exec_intel,ib,128,1.67,76.68
exec_intel,ib,256,1.73,148.07
exec_intel,ib,512,1.83,279.53
exec_intel,ib,1024,2.05,499.62
exec_intel,ib,2048,2.49,821.30
exec_intel,ib,4096,3.52,1164.74
exec_intel,ib,8192,5.09,1610.55
exec_intel,ib,16384,5.98,2738.15
exec_intel,ib,32768,7.99,4100.31
exec_intel,ib,65536,12.11,5412.07
exec_intel,ib,131072,20.39,6429.59
exec_intel,ib,262144,37.12,7061.29
exec_intel,ib,524288,70.51,7436.17
exec_intel,ib,1048576,136.89,7659.83
exec_intel,ib,2097152,270.25,7760.08
exec_intel,ib,4194304,535.17,7837.40
exec_intel,ib,0,0.97,0.00
exec_intel,ib,1,1.02,0.98
exec_intel,ib,2,1.04,1.93
exec_intel,ib,4,1.05,3.81
exec_intel,ib,8,1.08,7.44
exec_intel,ib,16,1.09,14.72
exec_intel,ib,32,1.09,29.48
exec_intel,ib,64,1.15,55.81
exec_intel,ib,128,1.60,79.77
exec_intel,ib,256,1.66,154.09
exec_intel,ib,512,1.80,284.80
exec_intel,ib,1024,2.02,506.70
exec_intel,ib,2048,2.51,816.38
exec_intel,ib,4096,3.50,1169.34
exec_intel,ib,8192,5.09,1610.68
exec_intel,ib,16384,5.96,2749.35
exec_intel,ib,32768,7.88,4158.07
exec_intel,ib,65536,12.06,5434.50
exec_intel,ib,131072,20.27,6467.67
exec_intel,ib,262144,37.15,7055.60
exec_intel,ib,524288,70.47,7440.13
exec_intel,ib,1048576,136.75,7667.77
exec_intel,ib,2097152,269.05,7794.52
exec_intel,ib,4194304,535.93,7826.19
exec_intel,eth,0,6.84,0.00
exec_intel,eth,1,6.12,0.16
exec_intel,eth,2,6.07,0.33
exec_intel,eth,4,5.76,0.69
exec_intel,eth,8,5.78,1.39
exec_intel,eth,16,5.74,2.79
exec_intel,eth,32,5.78,5.53
exec_intel,eth,64,5.78,11.08
exec_intel,eth,128,5.80,22.05
exec_intel,eth,256,5.89,43.48
exec_intel,eth,512,5.92,86.54
exec_intel,eth,1024,6.02,170.10
exec_intel,eth,2048,6.72,304.61
exec_intel,eth,4096,8.07,507.52
exec_intel,eth,8192,8.44,971.15
exec_intel,eth,16384,11.24,1457.45
exec_intel,eth,32768,18.64,1757.63
exec_intel,eth,65536,37.93,1728.01
exec_intel,eth,131072,51.28,2556.11
exec_intel,eth,262144,73.99,3543.02
exec_intel,eth,524288,120.59,4347.69
exec_intel,eth,1048576,207.68,5049.12
exec_intel,eth,2097152,390.37,5372.15
exec_intel,eth,4194304,765.16,5481.57
exec_intel,ipoib,0,6.97,0.00
exec_intel,ipoib,1,6.88,0.15
exec_intel,ipoib,2,6.68,0.30
exec_intel,ipoib,4,6.53,0.61
exec_intel,ipoib,8,6.36,1.26
exec_intel,ipoib,16,6.21,2.58
exec_intel,ipoib,32,6.13,5.22
exec_intel,ipoib,64,6.10,10.49
exec_intel,ipoib,128,6.04,21.18
exec_intel,ipoib,256,6.06,42.23
exec_intel,ipoib,512,6.07,84.37
exec_intel,ipoib,1024,6.23,164.27
exec_intel,ipoib,2048,6.93,295.32
exec_intel,ipoib,4096,7.97,514.08
exec_intel,ipoib,8192,8.31,985.73
exec_intel,ipoib,16384,10.81,1514.98
exec_intel,ipoib,32768,18.18,1802.30
exec_intel,ipoib,65536,37.36,1754.24
exec_intel,ipoib,131072,50.69,2585.67
exec_intel,ipoib,262144,72.60,3610.90
exec_intel,ipoib,524288,118.91,4409.04
exec_intel,ipoib,1048576,209.73,4999.63
exec_intel,ipoib,2097152,390.70,5367.64
exec_intel,ipoib,4194304,763.61,5492.76
exec_intel,ib,0,0.97,0.00
exec_intel,ib,1,1.09,0.92
exec_intel,ib,2,1.08,1.84
exec_intel,ib,4,1.06,3.77
exec_intel,ib,8,1.09,7.36
exec_intel,ib,16,1.13,14.20
exec_intel,ib,32,1.12,28.63
exec_intel,ib,64,1.11,57.68
exec_intel,ib,128,1.64,78.19
exec_intel,ib,256,1.71,149.67
exec_intel,ib,512,1.84,278.95
exec_intel,ib,1024,2.04,501.44
exec_intel,ib,2048,2.49,822.80
exec_intel,ib,4096,3.53,1160.45
exec_intel,ib,8192,5.11,1604.16
exec_intel,ib,16384,5.82,2815.83
exec_intel,ib,32768,7.94,4125.04
exec_intel,ib,65536,12.14,5396.71
exec_intel,ib,131072,20.25,6473.92
exec_intel,ib,262144,37.00,7084.70
exec_intel,ib,524288,70.36,7451.43
exec_intel,ib,1048576,136.37,7688.99
exec_intel,ib,2097152,268.97,7796.98
exec_intel,ib,4194304,534.96,7840.44
exec_intel,ipoib,0,6.79,0.00
exec_intel,ipoib,1,6.70,0.15
exec_intel,ipoib,2,6.59,0.30
exec_intel,ipoib,4,6.32,0.63
exec_intel,ipoib,8,6.19,1.29
exec_intel,ipoib,16,6.16,2.60
exec_intel,ipoib,32,6.06,5.28
exec_intel,ipoib,64,6.07,10.54
exec_intel,ipoib,128,6.05,21.16
exec_intel,ipoib,256,6.08,42.12
exec_intel,ipoib,512,6.06,84.55
exec_intel,ipoib,1024,6.13,167.03
exec_intel,ipoib,2048,6.80,301.33
exec_intel,ipoib,4096,7.74,529.37
exec_intel,ipoib,8192,8.46,968.83
exec_intel,ipoib,16384,10.87,1507.82
exec_intel,ipoib,32768,18.14,1805.93
exec_intel,ipoib,65536,37.49,1748.00
exec_intel,ipoib,131072,50.80,2580.13
exec_intel,ipoib,262144,73.56,3563.84
exec_intel,ipoib,524288,118.78,4414.09
exec_intel,ipoib,1048576,208.64,5025.65
exec_intel,ipoib,2097152,389.46,5384.74
exec_intel,ipoib,4194304,778.18,5389.91
exec_intel,eth,0,6.94,0.00
exec_intel,eth,1,7.06,0.14
exec_intel,eth,2,6.99,0.29
exec_intel,eth,4,6.74,0.59
exec_intel,eth,8,6.82,1.17
exec_intel,eth,16,6.63,2.41
exec_intel,eth,32,6.49,4.93
exec_intel,eth,64,6.46,9.90
exec_intel,eth,128,6.17,20.73
exec_intel,eth,256,6.16,41.56
exec_intel,eth,512,6.40,80.06
exec_intel,eth,1024,6.49,157.70
exec_intel,eth,2048,6.79,301.59
exec_intel,eth,4096,7.89,518.85
exec_intel,eth,8192,8.94,916.73
exec_intel,eth,16384,11.02,1487.21
exec_intel,eth,32768,18.10,1809.95
exec_intel,eth,65536,37.50,1747.45
exec_intel,eth,131072,50.41,2600.28
exec_intel,eth,262144,73.29,3576.58
exec_intel,eth,524288,119.68,4380.76
exec_intel,eth,1048576,207.07,5063.81
exec_intel,eth,2097152,385.83,5435.46
exec_intel,eth,4194304,815.45,5143.54
exec_intel,ipoib,0,7.06,0.00
exec_intel,ipoib,1,6.64,0.15
exec_intel,ipoib,2,7.18,0.28
exec_intel,ipoib,4,7.19,0.56
exec_intel,ipoib,8,6.92,1.16
exec_intel,ipoib,16,6.76,2.37
exec_intel,ipoib,32,6.68,4.79
exec_intel,ipoib,64,6.57,9.75
exec_intel,ipoib,128,6.73,19.02
exec_intel,ipoib,256,6.66,38.43
exec_intel,ipoib,512,6.68,76.59
exec_intel,ipoib,1024,6.76,151.43
exec_intel,ipoib,2048,6.89,297.26
exec_intel,ipoib,4096,7.72,530.23
exec_intel,ipoib,8192,8.82,928.77
exec_intel,ipoib,16384,11.39,1438.03
exec_intel,ipoib,32768,18.12,1808.85
exec_intel,ipoib,65536,37.42,1751.37
exec_intel,ipoib,131072,51.12,2563.83
exec_intel,ipoib,262144,74.07,3539.34
exec_intel,ipoib,524288,117.76,4452.32
exec_intel,ipoib,1048576,208.28,5034.52
exec_intel,ipoib,2097152,388.04,5404.43
exec_intel,ipoib,4194304,941.12,4456.74
exec_intel,eth,0,6.79,0.00
exec_intel,eth,1,5.83,0.17
exec_intel,eth,2,5.83,0.34
exec_intel,eth,4,5.48,0.73
exec_intel,eth,8,5.48,1.46
exec_intel,eth,16,5.52,2.90
exec_intel,eth,32,5.55,5.77
exec_intel,eth,64,5.58,11.46
exec_intel,eth,128,5.58,22.93
exec_intel,eth,256,5.65,45.35
exec_intel,eth,512,5.74,89.20
exec_intel,eth,1024,5.81,176.35
exec_intel,eth,2048,6.39,320.26
exec_intel,eth,4096,7.49,546.85
exec_intel,eth,8192,8.22,996.32
exec_intel,eth,16384,10.99,1490.52
exec_intel,eth,32768,17.83,1838.14
exec_intel,eth,65536,37.38,1753.01
exec_intel,eth,131072,50.59,2590.70
exec_intel,eth,262144,73.16,3583.07
exec_intel,eth,524288,118.84,4411.81
exec_intel,eth,1048576,212.05,4944.97
exec_intel,eth,2097152,385.08,5446.05
exec_intel,eth,4194304,755.46,5551.96
exec_intel,ib,0,1.01,0.00
exec_intel,ib,1,0.99,1.01
exec_intel,ib,2,0.99,2.02
exec_intel,ib,4,1.00,4.01
exec_intel,ib,8,1.05,7.60
exec_intel,ib,16,1.08,14.75
exec_intel,ib,32,1.11,28.87
exec_intel,ib,64,1.12,57.06
exec_intel,ib,128,1.62,79.20
exec_intel,ib,256,1.70,150.33
exec_intel,ib,512,1.82,281.87
exec_intel,ib,1024,2.03,505.22
exec_intel,ib,2048,2.51,814.93
exec_intel,ib,4096,3.55,1155.03
exec_intel,ib,8192,5.08,1611.32
exec_intel,ib,16384,5.98,2737.56
exec_intel,ib,32768,8.01,4090.14
exec_intel,ib,65536,12.27,5342.93
exec_intel,ib,131072,20.80,6301.61
exec_intel,ib,262144,37.88,6920.76
exec_intel,ib,524288,72.05,7276.57
exec_intel,ib,1048576,136.52,7680.47
exec_intel,ib,2097152,268.98,7796.56
exec_intel,ib,4194304,535.22,7836.57
exec_intel,ipoib,0,6.69,0.00
exec_intel,ipoib,1,6.94,0.14
exec_intel,ipoib,2,6.98,0.29
exec_intel,ipoib,4,6.74,0.59
exec_intel,ipoib,8,6.92,1.16
exec_intel,ipoib,16,6.54,2.45
exec_intel,ipoib,32,6.42,4.98
exec_intel,ipoib,64,6.39,10.01
exec_intel,ipoib,128,6.37,20.10
exec_intel,ipoib,256,6.42,39.89
exec_intel,ipoib,512,6.37,80.36
exec_intel,ipoib,1024,6.54,156.62
exec_intel,ipoib,2048,6.86,298.58
exec_intel,ipoib,4096,8.03,509.81
exec_intel,ipoib,8192,8.62,950.12
exec_intel,ipoib,16384,11.26,1454.96
exec_intel,ipoib,32768,18.21,1799.93
exec_intel,ipoib,65536,37.61,1742.50
exec_intel,ipoib,131072,51.46,2547.26
exec_intel,ipoib,262144,73.57,3563.30
exec_intel,ipoib,524288,119.19,4398.60
exec_intel,ipoib,1048576,209.01,5016.98
exec_intel,ipoib,2097152,391.15,5361.48
exec_intel,ipoib,4194304,828.68,5061.44
exec_intel,eth,0,7.26,0.00
exec_intel,eth,1,5.85,0.17
exec_intel,eth,2,5.49,0.36
exec_intel,eth,4,5.51,0.73
exec_intel,eth,8,5.53,1.45
exec_intel,eth,16,5.49,2.91
exec_intel,eth,32,5.52,5.80
exec_intel,eth,64,5.55,11.53
exec_intel,eth,128,5.59,22.88
exec_intel,eth,256,5.62,45.52
exec_intel,eth,512,5.70,89.76
exec_intel,eth,1024,5.83,175.58
exec_intel,eth,2048,6.47,316.61
exec_intel,eth,4096,7.57,541.06
exec_intel,eth,8192,8.10,1011.60
exec_intel,eth,16384,11.11,1475.21
exec_intel,eth,32768,17.90,1830.96
exec_intel,eth,65536,37.58,1744.06
exec_intel,eth,131072,50.84,2578.13
exec_intel,eth,262144,76.92,3408.19
exec_intel,eth,524288,130.26,4024.90
exec_intel,eth,1048576,224.75,4665.54
exec_intel,eth,2097152,394.72,5312.96
exec_intel,eth,4194304,761.00,5511.60
exec_intel,ib,0,0.96,0.00
exec_intel,ib,1,1.00,1.00
exec_intel,ib,2,1.02,1.96
exec_intel,ib,4,1.05,3.81
exec_intel,ib,8,1.12,7.15
exec_intel,ib,16,1.12,14.27
exec_intel,ib,32,1.09,29.25
exec_intel,ib,64,1.13,56.74
exec_intel,ib,128,1.61,79.60
exec_intel,ib,256,1.71,149.81
exec_intel,ib,512,1.83,280.06
exec_intel,ib,1024,2.05,499.77
exec_intel,ib,2048,2.51,814.85
exec_intel,ib,4096,3.51,1166.39
exec_intel,ib,8192,5.09,1610.05
exec_intel,ib,16384,5.60,2923.14
exec_intel,ib,32768,7.88,4160.23
exec_intel,ib,65536,12.00,5459.84
exec_intel,ib,131072,20.31,6454.85
exec_intel,ib,262144,37.12,7062.29
exec_intel,ib,524288,70.43,7444.17
exec_intel,ib,1048576,136.73,7668.78
exec_intel,ib,2097152,269.47,7782.50
exec_intel,ib,4194304,534.97,7840.26
exec_intel,eth,0,6.38,0.00
exec_intel,eth,1,6.30,0.16
exec_intel,eth,2,6.29,0.32
exec_intel,eth,4,6.22,0.64
exec_intel,eth,8,6.14,1.30
exec_intel,eth,16,6.09,2.63
exec_intel,eth,32,6.05,5.29
exec_intel,eth,64,6.07,10.54
exec_intel,eth,128,6.05,21.17
exec_intel,eth,256,6.11,41.88
exec_intel,eth,512,6.09,84.06
exec_intel,eth,1024,6.15,166.59
exec_intel,eth,2048,6.71,304.99
exec_intel,eth,4096,8.33,491.46
exec_intel,eth,8192,10.01,818.58
exec_intel,eth,16384,14.24,1150.71
exec_intel,eth,32768,22.08,1483.76
exec_intel,eth,65536,43.80,1496.42
exec_intel,eth,131072,52.58,2492.82
exec_intel,eth,262144,73.76,3554.11
exec_intel,eth,524288,120.99,4333.43
exec_intel,eth,1048576,207.90,5043.69
exec_intel,eth,2097152,420.35,4989.05
exec_intel,eth,4194304,777.20,5396.67
exec_intel,ib,0,0.99,0.00
exec_intel,ib,1,0.94,1.06
exec_intel,ib,2,0.95,2.11
exec_intel,ib,4,0.94,4.27
exec_intel,ib,8,0.99,8.12
exec_intel,ib,16,0.99,16.09
exec_intel,ib,32,1.00,31.97
exec_intel,ib,64,1.03,61.85
exec_intel,ib,128,1.47,87.20
exec_intel,ib,256,1.54,166.16
exec_intel,ib,512,1.70,300.55
exec_intel,ib,1024,1.94,528.25
exec_intel,ib,2048,2.42,844.85
exec_intel,ib,4096,3.60,1137.67
exec_intel,ib,8192,5.12,1599.37
exec_intel,ib,16384,6.12,2677.31
exec_intel,ib,32768,8.11,4038.71
exec_intel,ib,65536,12.03,5445.89
exec_intel,ib,131072,20.30,6456.77
exec_intel,ib,262144,37.06,7073.41
exec_intel,ib,524288,70.27,7460.94
exec_intel,ib,1048576,136.29,7693.43
exec_intel,ib,2097152,268.85,7800.43
exec_intel,ib,4194304,534.11,7852.92
exec_intel,ipoib,0,7.26,0.00
exec_intel,ipoib,1,6.01,0.17
exec_intel,ipoib,2,5.78,0.35
exec_intel,ipoib,4,5.77,0.69
exec_intel,ipoib,8,5.77,1.39
exec_intel,ipoib,16,5.78,2.77
exec_intel,ipoib,32,5.53,5.79
exec_intel,ipoib,64,5.83,10.97
exec_intel,ipoib,128,5.85,21.88
exec_intel,ipoib,256,5.90,43.41
exec_intel,ipoib,512,5.94,86.17
exec_intel,ipoib,1024,6.09,168.05
exec_intel,ipoib,2048,6.42,318.94
exec_intel,ipoib,4096,7.27,563.56
exec_intel,ipoib,8192,8.37,978.27
exec_intel,ipoib,16384,11.15,1469.36
exec_intel,ipoib,32768,18.20,1800.71
exec_intel,ipoib,65536,37.61,1742.29
exec_intel,ipoib,131072,50.65,2588.02
exec_intel,ipoib,262144,73.06,3588.22
exec_intel,ipoib,524288,118.64,4419.24
exec_intel,ipoib,1048576,209.36,5008.40
exec_intel,ipoib,2097152,396.54,5288.67
exec_intel,ipoib,4194304,763.22,5495.55
exec_intel,eth,0,6.74,0.00
exec_intel,eth,1,6.28,0.16
exec_intel,eth,2,6.22,0.32
exec_intel,eth,4,6.14,0.65
exec_intel,eth,8,5.90,1.36
exec_intel,eth,16,5.89,2.72
exec_intel,eth,32,5.89,5.43
exec_intel,eth,64,5.89,10.86
exec_intel,eth,128,5.92,21.63
exec_intel,eth,256,5.93,43.15
exec_intel,eth,512,5.92,86.45
exec_intel,eth,1024,5.95,171.97
exec_intel,eth,2048,6.52,314.34
exec_intel,eth,4096,7.50,545.79
exec_intel,eth,8192,8.33,983.64
exec_intel,eth,16384,11.18,1465.82
exec_intel,eth,32768,18.58,1763.54
exec_intel,eth,65536,38.01,1724.20
exec_intel,eth,131072,50.75,2582.54
exec_intel,eth,262144,74.04,3540.74
exec_intel,eth,524288,118.13,4438.21
exec_intel,eth,1048576,208.88,5020.05
exec_intel,eth,2097152,389.76,5380.63
exec_intel,eth,4194304,770.34,5444.71
exec_intel,ipoib,0,6.94,0.00
exec_intel,ipoib,1,6.91,0.14
exec_intel,ipoib,2,6.47,0.31
exec_intel,ipoib,4,6.28,0.64
exec_intel,ipoib,8,6.19,1.29
exec_intel,ipoib,16,6.10,2.62
exec_intel,ipoib,32,6.01,5.32
exec_intel,ipoib,64,5.96,10.74
exec_intel,ipoib,128,5.93,21.58
exec_intel,ipoib,256,5.98,42.80
exec_intel,ipoib,512,6.05,84.57
exec_intel,ipoib,1024,6.10,168.00
exec_intel,ipoib,2048,6.66,307.30
exec_intel,ipoib,4096,7.74,528.97
exec_intel,ipoib,8192,8.11,1010.57
exec_intel,ipoib,16384,10.89,1504.80
exec_intel,ipoib,32768,17.97,1823.07
exec_intel,ipoib,65536,36.62,1789.46
exec_intel,ipoib,131072,50.46,2597.68
exec_intel,ipoib,262144,71.14,3685.14
exec_intel,ipoib,524288,115.81,4526.98
exec_intel,ipoib,1048576,203.59,5150.41
exec_intel,ipoib,2097152,379.17,5530.83
exec_intel,ipoib,4194304,751.26,5583.00
exec_intel,ib,0,0.95,0.00
exec_intel,ib,1,1.00,1.00
exec_intel,ib,2,1.03,1.94
exec_intel,ib,4,1.05,3.81
exec_intel,ib,8,1.10,7.29
exec_intel,ib,16,1.09,14.71
exec_intel,ib,32,1.27,25.24
exec_intel,ib,64,1.15,55.50
exec_intel,ib,128,1.61,79.63
exec_intel,ib,256,1.71,149.52
exec_intel,ib,512,1.80,283.67
exec_intel,ib,1024,2.03,503.98
exec_intel,ib,2048,2.52,811.24
exec_intel,ib,4096,3.49,1172.29
exec_intel,ib,8192,5.03,1628.94
exec_intel,ib,16384,5.83,2812.08
exec_intel,ib,32768,7.81,4193.82
exec_intel,ib,65536,11.95,5482.14
exec_intel,ib,131072,20.24,6475.33
exec_intel,ib,262144,37.04,7077.37
exec_intel,ib,524288,70.64,7422.46
exec_intel,ib,1048576,136.65,7673.36
exec_intel,ib,2097152,268.56,7808.75
exec_intel,ib,4194304,535.19,7836.98
